quantity,day,month,year,day_of_week,week_of_year,is_weekend,lag_1,lag_7,lag_3,rolling_mean_3,rolling_mean_7,rolling_std_7
444,8,4,2024,0,15,0,417.0,475.0,446.0,429.6666666666667,438.85714285714283,19.463029666768843
426,9,4,2024,1,15,0,444.0,456.0,428.0,429.0,434.57142857142856,18.32900381778511
474,10,4,2024,2,15,0,426.0,466.0,417.0,448.0,435.7142857142857,20.710015980311603
449,11,4,2024,3,15,0,474.0,415.0,444.0,449.6666666666667,440.57142857142856,18.954833533579613
493,12,4,2024,4,15,0,449.0,446.0,426.0,472.0,447.2857142857143,27.566370125657837
427,13,4,2024,5,15,1,493.0,428.0,474.0,456.3333333333333,447.14285714285717,27.685306400258412
462,14,4,2024,6,15,1,427.0,417.0,449.0,460.6666666666667,453.57142857142856,24.5686598661597
429,15,4,2024,0,16,0,462.0,444.0,493.0,439.3333333333333,451.42857142857144,26.14610960772265
460,16,4,2024,1,16,0,429.0,426.0,427.0,450.3333333333333,456.2857142857143,23.67638968617105
491,17,4,2024,2,16,0,460.0,474.0,462.0,460.0,458.7142857142857,26.499775380898864
448,18,4,2024,3,16,0,491.0,449.0,429.0,466.3333333333333,458.57142857142856,26.563490877876838
476,19,4,2024,4,16,0,448.0,493.0,460.0,471.6666666666667,456.14285714285717,23.490626296664004
495,20,4,2024,5,16,1,476.0,427.0,491.0,473.0,465.85714285714283,23.490626296664004
513,21,4,2024,6,16,1,495.0,462.0,448.0,494.6666666666667,473.14285714285717,29.288385476320173
410,22,4,2024,0,17,0,513.0,429.0,476.0,472.6666666666667,470.42857142857144,34.48118879842137
405,23,4,2024,1,17,0,410.0,460.0,495.0,442.6666666666667,462.57142857142856,42.57094918234398
455,24,4,2024,2,17,0,405.0,491.0,513.0,423.3333333333333,457.42857142857144,40.697490270110194
486,25,4,2024,3,17,0,455.0,448.0,410.0,448.6666666666667,462.85714285714283,41.75096234990107
512,26,4,2024,4,17,0,486.0,476.0,405.0,484.3333333333333,468.0,45.67274898667694
423,27,4,2024,5,17,1,512.0,495.0,455.0,473.6666666666667,457.7142857142857,46.67516929344153
496,28,4,2024,6,17,1,423.0,513.0,486.0,477.0,455.2857142857143,43.664303825567025
474,29,4,2024,0,18,0,496.0,410.0,512.0,464.3333333333333,464.42857142857144,39.0591736678984
389,30,4,2024,1,18,0,474.0,405.0,423.0,453.0,462.14285714285717,43.349081387531804
468,1,5,2024,2,18,0,389.0,455.0,496.0,443.6666666666667,464.0,43.27046721880101
454,2,5,2024,3,18,0,468.0,486.0,474.0,437.0,459.42857142857144,42.23686045330997
441,3,5,2024,4,18,0,454.0,512.0,389.0,454.3333333333333,449.2857142857143,35.4951371585568
449,4,5,2024,5,18,1,441.0,423.0,468.0,448.0,453.0,33.59563463705761
410,5,5,2024,6,18,1,449.0,496.0,454.0,433.3333333333333,440.7142857142857,30.863755905129644
391,6,5,2024,0,19,0,410.0,474.0,441.0,416.6666666666667,428.85714285714283,31.87176687617929
438,7,5,2024,1,19,0,391.0,389.0,449.0,413.0,435.85714285714283,26.604689883731396
456,8,5,2024,2,19,0,438.0,468.0,410.0,428.3333333333333,434.14285714285717,24.491009040248205
330,9,5,2024,3,19,0,456.0,454.0,391.0,408.0,416.42857142857144,44.44793637075904
390,10,5,2024,4,19,0,330.0,441.0,438.0,392.0,409.14285714285717,43.92580324224234
460,11,5,2024,5,19,1,390.0,449.0,456.0,393.3333333333333,410.7142857142857,45.74827605391005
469,12,5,2024,6,19,1,460.0,410.0,330.0,439.6666666666667,419.14285714285717,50.75571748229803
453,13,5,2024,0,20,0,469.0,391.0,390.0,460.6666666666667,428.0,50.43477636181866
466,14,5,2024,1,20,0,453.0,438.0,460.0,462.6666666666667,432.0,52.43090691567327
484,15,5,2024,2,20,0,466.0,456.0,469.0,467.6666666666667,436.0,55.54277630799521
481,16,5,2024,3,20,0,484.0,330.0,453.0,477.0,457.57142857142856,31.732512994598654
480,17,5,2024,4,20,0,481.0,390.0,466.0,481.6666666666667,470.42857142857144,11.702665549026488
427,18,5,2024,5,20,1,480.0,460.0,484.0,462.6666666666667,465.7142857142857,20.1801411104602
485,19,5,2024,6,20,1,427.0,469.0,481.0,464.0,468.0,21.47867159144913
412,20,5,2024,0,21,0,485.0,453.0,480.0,441.3333333333333,462.14285714285717,30.107743031920897
462,21,5,2024,1,21,0,412.0,466.0,427.0,453.0,461.57142857142856,30.06025694532631
489,22,5,2024,2,21,0,462.0,484.0,485.0,454.3333333333333,462.2857142857143,30.73388079256213
440,23,5,2024,3,21,0,489.0,481.0,412.0,463.6666666666667,456.42857142857144,30.478720133108798
476,24,5,2024,4,21,0,440.0,480.0,462.0,468.3333333333333,455.85714285714283,29.99682522883904
469,25,5,2024,5,21,1,476.0,427.0,489.0,461.6666666666667,461.85714285714283,27.346106191001212
478,26,5,2024,6,21,1,469.0,485.0,440.0,474.3333333333333,460.85714285714283,26.47280725215055
471,27,5,2024,0,22,0,478.0,412.0,476.0,472.6666666666667,469.2857142857143,15.402535350976684
427,28,5,2024,1,22,0,471.0,462.0,469.0,458.6666666666667,464.2857142857143,22.298836185731453
409,29,5,2024,2,22,0,427.0,489.0,478.0,435.6666666666667,452.85714285714283,27.43129946750939
474,30,5,2024,3,22,0,409.0,440.0,471.0,436.6666666666667,457.7142857142857,27.78317407901323
464,31,5,2024,4,22,0,474.0,476.0,427.0,449.0,456.0,26.82039025318841
445,1,6,2024,5,22,1,464.0,469.0,409.0,461.0,452.57142857142856,26.412479013130103
485,2,6,2024,6,22,1,445.0,478.0,474.0,464.6666666666667,453.57142857142856,27.639688510407847
509,3,6,2024,0,23,0,485.0,471.0,464.0,479.6666666666667,459.0,34.51086785347467
460,4,6,2024,1,23,0,509.0,427.0,445.0,484.6666666666667,463.7142857142857,31.536826545665953
401,5,6,2024,2,23,0,460.0,409.0,485.0,456.6666666666667,462.57142857142856,33.90603261396177
459,6,6,2024,3,23,0,401.0,474.0,509.0,440.0,460.42857142857144,33.535340278861625
431,7,6,2024,4,23,0,459.0,464.0,460.0,430.3333333333333,455.7142857142857,35.22647813654882
478,8,6,2024,5,23,1,431.0,445.0,401.0,456.0,460.42857142857144,35.757783035571975
530,9,6,2024,6,23,1,478.0,485.0,459.0,479.6666666666667,466.85714285714283,44.00541092270567
464,10,6,2024,0,24,0,530.0,509.0,431.0,490.6666666666667,460.42857142857144,39.9201584117478
439,11,6,2024,1,24,0,464.0,460.0,478.0,477.6666666666667,457.42857142857144,40.73842225245153
444,12,6,2024,2,24,0,439.0,401.0,530.0,449.0,463.57142857142856,33.39090266752867
403,13,6,2024,3,24,0,444.0,459.0,464.0,428.6666666666667,455.57142857142856,40.59908514099428
470,14,6,2024,4,24,0,403.0,431.0,439.0,439.0,461.14285714285717,39.32102309379613
406,15,6,2024,5,24,1,470.0,478.0,444.0,426.3333333333333,450.85714285714283,43.383670397314745
438,16,6,2024,6,24,1,406.0,530.0,403.0,438.0,437.7142857142857,25.772816982977936
428,17,6,2024,0,25,0,438.0,464.0,470.0,424.0,432.57142857142856,23.107409654748402
458,18,6,2024,1,25,0,428.0,439.0,406.0,441.3333333333333,435.2857142857143,25.024749653854183
457,19,6,2024,2,25,0,458.0,444.0,438.0,447.6666666666667,437.14285714285717,26.232477144616702
426,20,6,2024,3,25,0,457.0,403.0,428.0,447.0,440.42857142857144,22.404293806151593
440,21,6,2024,4,25,0,426.0,470.0,458.0,441.0,436.14285714285717,18.29780106486853
461,22,6,2024,5,25,1,440.0,406.0,457.0,442.3333333333333,444.0,14.640127503997903
456,23,6,2024,6,25,1,461.0,438.0,426.0,452.3333333333333,446.57142857142856,14.987296207756442
377,24,6,2024,0,26,0,456.0,428.0,440.0,431.3333333333333,439.2857142857143,30.1977608756799
430,25,6,2024,1,26,0,377.0,458.0,461.0,421.0,435.2857142857143,29.14168998596472
476,26,6,2024,2,26,0,430.0,457.0,456.0,427.6666666666667,438.0,32.22318006239165
417,27,6,2024,3,26,0,476.0,426.0,377.0,441.0,436.7142857142857,32.95306908172201
485,28,6,2024,4,26,0,417.0,440.0,430.0,459.3333333333333,443.14285714285717,37.74223351202433
425,29,6,2024,5,26,1,485.0,461.0,476.0,442.3333333333333,438.0,37.35416085703592
475,30,6,2024,6,26,1,425.0,456.0,417.0,461.6666666666667,440.7142857142857,39.50828725602698
402,1,7,2024,0,27,0,475.0,377.0,485.0,434.0,444.2857142857143,33.4550159951849
459,2,7,2024,1,27,0,402.0,430.0,425.0,445.3333333333333,448.42857142857144,33.185625115186504
453,3,7,2024,2,27,0,459.0,476.0,475.0,438.0,445.14285714285717,31.072112745614398
477,4,7,2024,3,27,0,453.0,417.0,402.0,463.0,453.7142857142857,30.28043529912913
505,5,7,2024,4,27,0,477.0,485.0,459.0,478.3333333333333,456.57142857142856,34.38922865693605
411,6,7,2024,5,27,1,505.0,425.0,453.0,464.3333333333333,454.57142857142856,36.850405438100196
450,7,7,2024,6,27,1,411.0,475.0,477.0,455.3333333333333,451.0,35.73513677041104
431,8,7,2024,0,28,0,450.0,402.0,505.0,430.6666666666667,455.14285714285717,30.388751051600888
419,9,7,2024,1,28,0,431.0,459.0,411.0,433.3333333333333,449.42857142857144,33.175579084908684
441,10,7,2024,2,28,0,419.0,453.0,450.0,430.3333333333333,447.7142857142857,33.27017826680141
430,11,7,2024,3,28,0,441.0,477.0,431.0,430.0,441.0,31.042980956516537
440,12,7,2024,4,28,0,430.0,505.0,419.0,437.0,431.7142857142857,13.43768687577624
461,13,7,2024,5,28,1,440.0,411.0,441.0,443.6666666666667,438.85714285714283,13.87357886329881
471,14,7,2024,6,28,1,461.0,450.0,430.0,457.3333333333333,441.85714285714283,18.26133046840157
431,15,7,2024,0,29,0,471.0,431.0,440.0,454.3333333333333,441.85714285714283,18.26133046840157
490,16,7,2024,1,29,0,431.0,419.0,461.0,464.0,452.0,22.64214359698853
404,17,7,2024,2,29,0,490.0,441.0,471.0,441.6666666666667,446.7142857142857,29.050038931208736
393,18,7,2024,3,29,0,404.0,430.0,431.0,429.0,441.42857142857144,35.29332865598013
408,19,7,2024,4,29,0,393.0,440.0,490.0,401.6666666666667,436.85714285714283,37.51190287285941
367,20,7,2024,5,29,1,408.0,461.0,404.0,389.3333333333333,423.42857142857144,43.73731108507199
470,21,7,2024,6,29,1,367.0,471.0,393.0,415.0,423.2857142857143,43.55729669341378
456,22,7,2024,0,30,0,470.0,431.0,408.0,431.0,426.85714285714283,45.285864503280756
525,23,7,2024,1,30,0,456.0,490.0,367.0,483.6666666666667,431.85714285714283,54.42863392072385
501,24,7,2024,2,30,0,525.0,404.0,470.0,494.0,445.7142857142857,58.36012989965618
368,25,7,2024,3,30,0,501.0,393.0,456.0,464.6666666666667,442.14285714285717,62.72540307145241
424,26,7,2024,4,30,0,368.0,408.0,525.0,431.0,444.42857142857144,61.55446678310488
407,27,7,2024,5,30,1,424.0,367.0,501.0,399.6666666666667,450.14285714285717,54.63646087680677
428,28,7,2024,6,30,1,407.0,470.0,368.0,419.6666666666667,444.14285714285717,54.398004165068755
459,29,7,2024,0,31,0,428.0,456.0,424.0,431.3333333333333,444.57142857142856,54.51867307891576
420,30,7,2024,1,31,0,459.0,525.0,407.0,435.6666666666667,429.57142857142856,41.620736589898264
469,31,7,2024,2,31,0,420.0,501.0,428.0,449.3333333333333,425.0,33.41656275960544
441,1,8,2024,3,31,0,469.0,368.0,459.0,443.3333333333333,435.42857142857144,22.157445271338528
474,2,8,2024,4,31,0,441.0,424.0,420.0,461.3333333333333,442.57142857142856,25.644084066681486
468,3,8,2024,5,31,1,474.0,407.0,469.0,461.0,451.2857142857143,21.584827122419572
487,4,8,2024,6,31,1,468.0,428.0,441.0,476.3333333333333,459.7142857142857,22.477501979492086
475,5,8,2024,0,32,0,487.0,459.0,474.0,476.6666666666667,462.0,23.19482700948586
416,6,8,2024,1,32,0,475.0,420.0,468.0,459.3333333333333,461.42857142857144,24.418962186908946
436,7,8,2024,2,32,0,416.0,469.0,487.0,442.3333333333333,456.7142857142857,25.85674822113956
499,8,8,2024,3,32,0,436.0,441.0,475.0,450.3333333333333,465.0,29.074616649808252
446,9,8,2024,4,32,0,499.0,474.0,416.0,460.3333333333333,461.0,29.552213679068235
452,10,8,2024,5,32,1,446.0,468.0,436.0,465.6666666666667,458.7142857142857,29.53932004246887
483,11,8,2024,6,32,1,452.0,487.0,499.0,460.3333333333333,458.14285714285717,28.933421110246044
428,12,8,2024,0,33,0,483.0,475.0,446.0,454.3333333333333,451.42857142857144,29.809713980832196
397,13,8,2024,1,33,0,428.0,416.0,452.0,436.0,448.7142857142857,34.12581762495081
452,14,8,2024,2,33,0,397.0,436.0,483.0,425.6666666666667,451.0,33.665016461206555
427,15,8,2024,3,33,0,452.0,499.0,428.0,425.3333333333333,440.7142857142857,26.868285429195854
418,16,8,2024,4,33,0,427.0,446.0,397.0,432.3333333333333,436.7142857142857,28.010202222965216
452,17,8,2024,5,33,1,418.0,452.0,452.0,432.3333333333333,436.7142857142857,28.010202222965216
475,18,8,2024,6,33,1,452.0,483.0,427.0,448.3333333333333,435.57142857142856,25.889876675752852
448,19,8,2024,0,34,0,475.0,428.0,418.0,458.3333333333333,438.42857142857144,26.018308572087427
493,20,8,2024,1,34,0,448.0,397.0,452.0,472.0,452.14285714285717,25.842010831386556
408,21,8,2024,2,34,0,493.0,452.0,475.0,449.6666666666667,445.85714285714283,30.764853168448035
419,22,8,2024,3,34,0,408.0,427.0,448.0,440.0,444.7142857142857,31.716001669579015
480,23,8,2024,4,34,0,419.0,418.0,493.0,435.6666666666667,453.57142857142856,31.66942343890013
488,24,8,2024,5,34,1,480.0,452.0,408.0,462.3333333333333,458.7142857142857,34.19412369454832
453,25,8,2024,6,34,1,488.0,475.0,419.0,473.6666666666667,455.57142857142856,33.45074559635938
475,26,8,2024,0,35,0,453.0,448.0,480.0,472.0,459.42857142857144,33.98459034551331
501,27,8,2024,1,35,0,475.0,493.0,488.0,476.3333333333333,460.57142857142856,35.40648312977474
439,28,8,2024,2,35,0,501.0,408.0,453.0,471.6666666666667,465.0,29.114715637743114
440,29,8,2024,3,35,0,439.0,419.0,475.0,460.0,468.0,24.262453846769986
447,30,8,2024,4,35,0,440.0,480.0,501.0,442.0,463.2857142857143,24.743445500537547
433,31,8,2024,5,35,1,447.0,488.0,439.0,440.0,455.42857142857144,24.31636720987922
496,1,9,2024,6,35,1,433.0,453.0,440.0,458.6666666666667,461.57142857142856,28.64644912757992
445,2,9,2024,0,36,0,496.0,475.0,447.0,458.0,457.2857142857143,28.546536776021316
446,3,9,2024,1,36,0,445.0,501.0,433.0,462.3333333333333,449.42857142857144,21.109690846126128
443,4,9,2024,2,36,0,446.0,439.0,496.0,444.6666666666667,450.0,20.83266665599903
446,5,9,2024,3,36,0,443.0,440.0,445.0,445.0,450.85714285714283,20.472978707135685
451,6,9,2024,4,36,0,446.0,447.0,446.0,446.6666666666667,451.42857142857144,20.403080999831577
464,7,9,2024,5,36,1,451.0,433.0,443.0,453.6666666666667,455.85714285714283,19.056307542197967
413,8,9,2024,6,36,1,464.0,496.0,446.0,442.6666666666667,444.0,15.383974345618224
399,9,9,2024,0,37,0,413.0,445.0,451.0,425.3333333333333,437.42857142857144,22.88272378059526
380,10,9,2024,1,37,0,399.0,446.0,464.0,397.3333333333333,428.0,30.94080369565898
438,11,9,2024,2,37,0,380.0,443.0,413.0,405.6666666666667,427.2857142857143,30.59256056469829
471,12,9,2024,3,37,0,438.0,446.0,399.0,429.6666666666667,430.85714285714283,34.36775897760616
438,13,9,2024,4,37,0,471.0,451.0,380.0,449.0,429.0,33.43650699460055
454,14,9,2024,5,37,1,438.0,464.0,438.0,454.3333333333333,427.57142857142856,31.86877857118184
477,15,9,2024,6,37,1,454.0,413.0,471.0,456.3333333333333,436.7142857142857,35.915244143743976
409,16,9,2024,0,38,0,477.0,399.0,438.0,446.6666666666667,438.14285714285717,34.32894100429207
442,17,9,2024,1,38,0,409.0,380.0,454.0,442.6666666666667,447.0,22.934689882358953
469,18,9,2024,2,38,0,442.0,438.0,477.0,440.0,451.42857142857144,23.88065565024743
533,19,9,2024,3,38,0,469.0,471.0,409.0,481.3333333333333,460.2857142857143,39.03722277397237
419,20,9,2024,4,38,0,533.0,438.0,442.0,473.6666666666667,457.57142857142856,41.43210165583
419,21,9,2024,5,38,1,419.0,454.0,469.0,457.0,452.57142857142856,43.96914502563923
414,22,9,2024,6,38,1,419.0,477.0,533.0,417.3333333333333,443.57142857142856,44.57898287630271
325,23,9,2024,0,39,0,414.0,409.0,419.0,386.0,431.57142857142856,62.95463219085378
458,24,9,2024,1,39,0,325.0,442.0,419.0,399.0,433.85714285714283,63.68262078837649
415,25,9,2024,2,39,0,458.0,469.0,414.0,399.3333333333333,426.14285714285717,61.96350692525526
439,26,9,2024,3,39,0,415.0,533.0,325.0,437.3333333333333,412.7142857142857,41.87566630599908
448,27,9,2024,4,39,0,439.0,419.0,458.0,434.0,416.85714285714283,43.98268057401858
454,28,9,2024,5,39,1,448.0,419.0,415.0,447.0,421.85714285714283,46.20039167015962
476,29,9,2024,6,39,1,454.0,414.0,439.0,459.3333333333333,430.7142857142857,50.21193180149578
473,30,9,2024,0,40,0,476.0,325.0,448.0,467.6666666666667,451.85714285714283,20.86007807135045
432,1,10,2024,1,40,0,473.0,458.0,454.0,460.3333333333333,448.14285714285717,21.874098620884187
449,2,10,2024,2,40,0,432.0,415.0,476.0,451.3333333333333,453.0,16.370705543744272
485,3,10,2024,3,40,0,449.0,439.0,473.0,455.3333333333333,459.57142857142856,18.85786434406161
489,4,10,2024,4,40,0,485.0,448.0,432.0,474.3333333333333,465.42857142857144,20.919346252190408
472,5,10,2024,5,40,1,489.0,454.0,449.0,482.0,468.0,20.3797284901767
451,6,10,2024,6,40,1,472.0,476.0,485.0,470.6666666666667,464.42857142857144,20.927311842479092
503,7,10,2024,0,41,0,451.0,473.0,489.0,475.3333333333333,468.7142857142857,25.53895250863046
399,8,10,2024,1,41,0,503.0,432.0,472.0,451.0,464.0,34.80900266693447
465,9,10,2024,2,41,0,399.0,449.0,451.0,455.6666666666667,466.2857142857143,34.17949817124413
450,10,10,2024,3,41,0,465.0,485.0,503.0,438.0,461.2857142857143,33.539599906748215
434,11,10,2024,4,41,0,450.0,489.0,399.0,449.6666666666667,453.42857142857144,32.38753434505874
478,12,10,2024,5,41,1,434.0,472.0,465.0,454.0,454.2857142857143,33.033893128695475
425,13,10,2024,6,41,1,478.0,451.0,450.0,445.6666666666667,450.57142857142856,34.87528801724355
495,14,10,2024,0,42,0,425.0,503.0,434.0,466.0,449.42857142857144,32.94873362693966
485,15,10,2024,1,42,0,495.0,399.0,478.0,468.3333333333333,461.7142857142857,26.392639666608048
457,16,10,2024,2,42,0,485.0,465.0,425.0,479.0,460.57142857142856,26.399855699461014
462,17,10,2024,3,42,0,457.0,450.0,495.0,468.0,462.2857142857143,25.985343854528455
477,18,10,2024,4,42,0,462.0,434.0,485.0,465.3333333333333,468.42857142857144,23.10740965474862
407,19,10,2024,5,42,1,477.0,478.0,457.0,448.6666666666667,458.2857142857143,32.055754999241735
432,20,10,2024,6,42,1,407.0,425.0,462.0,438.6666666666667,459.2857142857143,30.933877253017364
488,21,10,2024,0,43,0,432.0,495.0,477.0,442.3333333333333,458.2857142857143,29.67442381195314
447,22,10,2024,1,43,0,488.0,485.0,407.0,455.6666666666667,452.85714285714283,27.35829290135206
412,23,10,2024,2,43,0,447.0,457.0,432.0,449.0,446.42857142857144,31.23490111428279
416,24,10,2024,3,43,0,412.0,462.0,488.0,425.0,439.85714285714283,32.235738818008045
552,25,10,2024,4,43,0,416.0,477.0,447.0,460.0,450.57142857142856,52.64300251966724
470,26,10,2024,5,43,1,552.0,407.0,412.0,479.3333333333333,459.57142857142856,49.226879997473894
512,27,10,2024,6,43,1,470.0,432.0,416.0,511.3333333333333,471.0,51.01307022061424
419,28,10,2024,0,44,0,512.0,488.0,552.0,467.0,461.14285714285717,53.77244824699887
476,29,10,2024,1,44,0,419.0,447.0,470.0,469.0,465.2857142857143,53.618138366645525
409,30,10,2024,2,44,0,476.0,412.0,512.0,434.6666666666667,464.85714285714283,54.12463570756087
453,31,10,2024,3,44,0,409.0,416.0,419.0,446.0,470.14285714285717,50.224258983843406
485,1,11,2024,4,44,0,453.0,552.0,476.0,449.0,460.57142857142856,36.54612219673967
435,2,11,2024,5,44,1,485.0,470.0,409.0,457.6666666666667,455.57142857142856,37.42484532525186
477,3,11,2024,6,44,1,435.0,512.0,453.0,465.6666666666667,450.57142857142856,30.286725050518264
448,4,11,2024,0,45,0,477.0,419.0,485.0,453.3333333333333,454.7142857142857,27.059898285804273
414,5,11,2024,1,45,0,448.0,476.0,435.0,446.3333333333333,445.85714285714283,29.008209018761647
491,6,11,2024,2,45,0,414.0,409.0,477.0,451.0,457.57142857142856,28.188988055959495
398,7,11,2024,3,45,0,491.0,453.0,448.0,434.3333333333333,449.7142857142857,36.201815266246044
457,8,11,2024,4,45,0,398.0,485.0,414.0,448.6666666666667,445.7142857142857,33.06415121000492
467,9,11,2024,5,45,1,457.0,435.0,491.0,440.6666666666667,450.2857142857143,33.54456878897196
412,10,11,2024,6,45,1,467.0,477.0,398.0,445.3333333333333,441.0,33.91164991562596
436,11,11,2024,0,46,0,412.0,448.0,457.0,438.3333333333333,439.2857142857143,33.80194415372291
439,12,11,2024,1,46,0,436.0,414.0,467.0,429.0,442.85714285714283,31.955325958951374
466,13,11,2024,2,46,0,439.0,491.0,412.0,447.0,439.2857142857143,26.63152446327602
425,14,11,2024,3,46,0,466.0,398.0,436.0,443.3333333333333,443.14285714285717,21.019265539249893
468,15,11,2024,4,46,0,425.0,457.0,439.0,453.0,444.7142857142857,22.58107087595131
441,16,11,2024,5,46,1,468.0,467.0,466.0,444.6666666666667,441.0,20.330600909301904
422,17,11,2024,6,46,1,441.0,412.0,425.0,443.6666666666667,442.42857142857144,18.192096661802214
426,18,11,2024,0,47,0,422.0,436.0,468.0,429.6666666666667,441.0,19.148542155126087
415,19,11,2024,1,47,0,426.0,439.0,441.0,421.0,437.57142857142856,21.562754484349966
414,20,11,2024,2,47,0,415.0,466.0,422.0,418.3333333333333,430.14285714285717,18.933467471019746
441,21,11,2024,3,47,0,414.0,425.0,426.0,423.3333333333333,432.42857142857144,19.173394264423305
506,22,11,2024,4,47,0,441.0,468.0,415.0,453.6666666666667,437.85714285714283,32.00743961138042
457,23,11,2024,5,47,1,506.0,441.0,414.0,468.0,440.14285714285717,32.830009500600184
420,24,11,2024,6,47,1,457.0,422.0,441.0,461.0,439.85714285714283,33.0223589477821
433,25,11,2024,0,48,0,420.0,426.0,506.0,436.6666666666667,440.85714285714283,32.636526425813635
455,26,11,2024,1,48,0,433.0,415.0,457.0,436.0,446.57142857142856,30.805070701953543
446,27,11,2024,2,48,0,455.0,414.0,420.0,444.6666666666667,451.14285714285717,27.346106191000946
483,28,11,2024,3,48,0,446.0,441.0,433.0,461.3333333333333,457.14285714285717,29.288385476319814
458,29,11,2024,4,48,0,483.0,506.0,455.0,462.3333333333333,450.2857142857143,20.13052645208444
430,30,11,2024,5,48,1,458.0,457.0,446.0,457.0,446.42857142857144,21.188496429722328
473,1,12,2024,6,48,1,430.0,420.0,483.0,453.6666666666667,454.0,19.57890020745065
467,2,12,2024,0,49,0,473.0,433.0,458.0,456.6666666666667,458.85714285714283,17.620334573332325
448,3,12,2024,1,49,0,467.0,455.0,430.0,462.6666666666667,457.85714285714283,18.06865214885078
445,4,12,2024,2,49,0,448.0,446.0,473.0,453.3333333333333,457.7142857142857,18.1816233755792
483,5,12,2024,3,49,0,445.0,483.0,467.0,458.6666666666667,457.7142857142857,18.1816233755792
446,6,12,2024,4,49,0,483.0,458.0,448.0,458.0,456.0,18.70828693386913
482,7,12,2024,5,49,1,446.0,430.0,445.0,470.3333333333333,463.42857142857144,16.900267678916503
448,8,12,2024,6,49,1,482.0,473.0,483.0,458.6666666666667,459.85714285714283,17.17972226617292
382,9,12,2024,0,50,0,448.0,467.0,446.0,437.3333333333333,447.7142857142857,33.53959990674811
461,10,12,2024,1,50,0,382.0,448.0,482.0,430.3333333333333,449.57142857142856,33.91586228132333
426,11,12,2024,2,50,0,461.0,445.0,448.0,423.0,446.85714285714283,35.082895031760124
470,12,12,2024,3,50,0,426.0,483.0,382.0,452.3333333333333,445.0,33.1411124335516
472,13,12,2024,4,50,0,470.0,446.0,461.0,456.0,448.7142857142857,34.69252698451649
416,14,12,2024,5,50,1,472.0,482.0,426.0,452.6666666666667,439.2857142857143,33.06919153186846
427,15,12,2024,6,50,1,416.0,448.0,470.0,438.3333333333333,436.2857142857143,33.09941734489294
457,16,12,2024,0,51,0,427.0,382.0,472.0,433.3333333333333,447.0,23.280893453645103
493,17,12,2024,1,51,0,457.0,461.0,416.0,459.0,451.57142857142856,28.94164901347235
456,18,12,2024,2,51,0,493.0,426.0,427.0,468.6666666666667,455.85714285714283,26.654759246261623
456,19,12,2024,3,51,0,456.0,470.0,457.0,468.3333333333333,453.85714285714283,25.932145890307048
470,20,12,2024,4,51,0,456.0,472.0,493.0,460.6666666666667,453.57142857142856,25.708994164540144
492,21,12,2024,5,51,1,470.0,416.0,456.0,472.6666666666667,464.42857142857144,23.114621223063484
420,22,12,2024,6,51,1,492.0,427.0,456.0,460.6666666666667,463.42857142857144,25.07227647460497
481,23,12,2024,0,52,0,420.0,457.0,470.0,464.3333333333333,466.85714285714283,25.68026850475232
482,24,12,2024,1,52,0,481.0,493.0,492.0,461.0,465.2857142857143,24.10196593443665
476,25,12,2024,2,52,0,482.0,456.0,420.0,479.6666666666667,468.14285714285717,24.00297600596311
448,26,12,2024,3,52,0,476.0,456.0,481.0,468.6666666666667,467.0,24.852900568477924
458,27,12,2024,4,52,0,448.0,470.0,482.0,460.6666666666667,465.2857142857143,25.024749653854254
449,28,12,2024,5,52,1,458.0,492.0,476.0,451.6666666666667,459.14285714285717,22.527232197413266
475,29,12,2024,6,52,1,449.0,420.0,448.0,460.6666666666667,467.0,14.8996644257508
494,30,12,2024,0,1,0,475.0,481.0,458.0,472.6666666666667,468.85714285714283,17.51597909936832
456,31,12,2024,1,1,0,494.0,482.0,449.0,475.0,465.14285714285717,17.01399983766822
432,1,1,2025,2,1,0,456.0,476.0,475.0,460.6666666666667,458.85714285714283,20.16951967225564
477,2,1,2025,3,1,0,432.0,448.0,494.0,455.0,463.0,20.542638584173744
411,3,1,2025,4,1,0,477.0,458.0,456.0,440.0,456.2857142857143,28.564046665427934
448,4,1,2025,5,1,1,411.0,449.0,432.0,445.3333333333333,456.14285714285717,28.609022885729132
449,5,1,2025,6,1,1,448.0,475.0,477.0,436.0,452.42857142857144,27.415671569725042
435,6,1,2025,0,2,0,449.0,494.0,411.0,444.0,444.0,20.76856599125984
450,7,1,2025,1,2,0,435.0,456.0,448.0,444.6666666666667,443.14285714285717,20.309509853174003
419,8,1,2025,2,2,0,450.0,432.0,449.0,434.6666666666667,441.2857142857143,22.020553169817124
460,9,1,2025,3,2,0,419.0,477.0,435.0,443.0,438.85714285714283,17.994708216848213
435,10,1,2025,4,2,0,460.0,411.0,450.0,438.0,442.2857142857143,13.536546651124748
423,11,1,2025,5,2,1,435.0,448.0,419.0,439.3333333333333,438.7142857142857,14.996825060816786
460,12,1,2025,6,2,1,423.0,449.0,460.0,439.3333333333333,440.2857142857143,16.7303545062483
467,13,1,2025,0,3,0,460.0,435.0,435.0,450.0,444.85714285714283,19.230432231478993
463,14,1,2025,1,3,0,467.0,450.0,423.0,463.3333333333333,446.7142857142857,20.40191400918253
457,15,1,2025,2,3,0,463.0,419.0,460.0,462.3333333333333,452.14285714285717,16.476534540860694
463,16,1,2025,3,3,0,457.0,460.0,467.0,461.0,452.57142857142856,16.75168790358252
426,17,1,2025,4,3,0,463.0,435.0,463.0,448.6666666666667,451.2857142857143,18.571611720708212
529,18,1,2025,5,3,1,426.0,423.0,457.0,472.6666666666667,466.42857142857144,30.832110657868355
463,19,1,2025,6,3,1,529.0,460.0,463.0,472.6666666666667,466.85714285714283,30.74859656108198
460,20,1,2025,0,4,0,463.0,467.0,426.0,484.0,465.85714285714283,30.856812167540067
463,21,1,2025,1,4,0,460.0,463.0,529.0,462.0,465.85714285714283,30.856812167540067
406,22,1,2025,2,4,0,463.0,457.0,463.0,443.0,458.57142857142856,38.396428405330916
404,23,1,2025,3,4,0,406.0,463.0,460.0,424.3333333333333,450.14285714285717,43.41055390658101
370,24,1,2025,4,4,0,404.0,426.0,463.0,393.3333333333333,442.14285714285717,52.755500728766094
450,25,1,2025,5,4,1,370.0,529.0,406.0,408.0,430.85714285714283,37.248841464885444
447,26,1,2025,6,4,1,450.0,463.0,404.0,422.3333333333333,428.57142857142856,35.392358604916765
432,27,1,2025,0,5,0,447.0,460.0,370.0,443.0,424.57142857142856,32.730501283752
408,28,1,2025,1,5,0,432.0,463.0,450.0,429.0,416.7142857142857,28.264903359196833
475,29,1,2025,2,5,0,408.0,406.0,447.0,438.3333333333333,426.57142857142856,35.108674820035915
467,30,1,2025,3,5,0,475.0,404.0,432.0,450.0,435.57142857142856,36.40905172644607
480,31,1,2025,4,5,0,467.0,370.0,408.0,474.0,451.2857142857143,25.49322972682636
420,1,2,2025,5,5,1,480.0,450.0,475.0,455.6666666666667,447.0,28.130647581122506
463,2,2,2025,6,5,1,420.0,447.0,467.0,454.3333333333333,449.2857142857143,28.773334215984473
489,3,2,2025,0,6,0,463.0,432.0,480.0,457.3333333333333,457.42857142857144,31.042213961298426
401,4,2,2025,1,6,0,489.0,408.0,420.0,451.0,456.42857142857144,32.95379160206552
495,5,2,2025,2,6,0,401.0,475.0,463.0,461.6666666666667,459.2857142857143,35.59360563225853
490,6,2,2025,3,6,0,495.0,467.0,489.0,462.0,462.57142857142856,37.43820305008018
425,7,2,2025,4,6,0,490.0,480.0,401.0,470.0,454.7142857142857,38.91321234796836
415,8,2,2025,5,6,1,425.0,420.0,495.0,443.3333333333333,454.0,39.69466798786266
502,9,2,2025,6,6,1,415.0,463.0,490.0,447.3333333333333,459.57142857142856,43.70300196728327
436,10,2,2025,0,7,0,502.0,489.0,425.0,451.0,452.0,42.32414598468958
426,11,2,2025,1,7,0,436.0,401.0,415.0,454.6666666666667,455.57142857142856,38.1525758975594
446,12,2,2025,2,7,0,426.0,495.0,502.0,436.0,448.57142857142856,33.979685808127
437,13,2,2025,3,7,0,446.0,490.0,436.0,436.3333333333333,441.0,28.705400188814245
460,14,2,2025,4,7,0,437.0,425.0,426.0,447.6666666666667,446.0,28.50146195080723
440,15,2,2025,5,7,1,460.0,415.0,446.0,445.6666666666667,449.57142857142856,25.363077776281305
422,16,2,2025,6,7,1,440.0,502.0,437.0,440.6666666666667,438.14285714285717,12.628388277059202
459,17,2,2025,0,8,0,422.0,436.0,460.0,440.3333333333333,441.42857142857144,14.785771796528733
398,18,2,2025,1,8,0,459.0,426.0,440.0,426.3333333333333,437.42857142857144,21.785753317685003
466,19,2,2025,2,8,0,398.0,446.0,422.0,441.0,440.2857142857143,24.267360011025886
421,20,2,2025,3,8,0,466.0,437.0,459.0,428.3333333333333,438.0,25.357444666211457
494,21,2,2025,4,8,0,421.0,460.0,398.0,460.3333333333333,442.85714285714283,32.518858997144534
414,22,2,2025,5,8,1,494.0,440.0,466.0,443.0,439.14285714285717,34.33379565107097
439,23,2,2025,6,8,1,414.0,422.0,421.0,449.0,441.57142857142856,33.51048165801795
470,24,2,2025,0,9,0,439.0,459.0,494.0,441.0,443.14285714285717,34.70076162194188
468,25,2,2025,1,9,0,470.0,398.0,414.0,459.0,453.14285714285717,29.16863938906826
439,26,2,2025,2,9,0,468.0,466.0,439.0,459.0,449.2857142857143,28.96960640461093
455,27,2,2025,3,9,0,439.0,421.0,470.0,454.0,454.14285714285717,26.149751888106017
440,28,2,2025,4,9,0,455.0,494.0,468.0,444.6666666666667,446.42857142857144,19.56916914312817
430,1,3,2025,5,9,1,440.0,414.0,439.0,441.6666666666667,448.7142857142857,15.702593052467735
477,2,3,2025,6,9,1,430.0,439.0,455.0,449.0,454.14285714285717,18.160658683250023
417,3,3,2025,0,10,0,477.0,470.0,440.0,441.3333333333333,446.57142857142856,21.235639405310124
492,4,3,2025,1,10,0,417.0,468.0,430.0,462.0,450.0,26.545558322752356
454,5,3,2025,2,10,0,492.0,439.0,477.0,454.3333333333333,452.14285714285717,26.111482604584225
376,6,3,2025,3,10,0,454.0,455.0,417.0,440.6666666666667,440.85714285714283,38.70585042526305
502,7,3,2025,4,10,0,376.0,440.0,492.0,444.0,449.7142857142857,45.05076501649455
397,8,3,2025,5,10,1,502.0,430.0,454.0,425.0,445.0,49.010203019371176
437,9,3,2025,6,10,1,397.0,477.0,376.0,445.3333333333333,439.2857142857143,46.94576404644768
429,10,3,2025,0,11,0,437.0,417.0,502.0,421.0,441.0,46.20966709827405
408,11,3,2025,1,11,0,429.0,492.0,397.0,424.6666666666667,429.0,41.41658283023007
424,12,3,2025,2,11,0,408.0,454.0,437.0,420.3333333333333,424.7142857142857,39.923736822906946
428,13,3,2025,3,11,0,424.0,376.0,429.0,420.0,432.14285714285717,33.701773303633445
422,14,3,2025,4,11,0,428.0,502.0,408.0,424.6666666666667,420.7142857142857,13.68349718595611
457,15,3,2025,5,11,1,422.0,397.0,424.0,435.6666666666667,429.2857142857143,15.074418570481292
450,16,3,2025,6,11,1,457.0,437.0,428.0,443.0,431.14285714285717,16.8763006553421
458,17,3,2025,0,12,0,450.0,429.0,422.0,455.0,435.2857142857143,19.60199212422229
474,18,3,2025,1,12,0,458.0,408.0,457.0,460.6666666666667,444.7142857142857,20.15534904778568
418,19,3,2025,2,12,0,474.0,424.0,450.0,450.0,443.85714285714283,21.279321507263887
449,20,3,2025,3,12,0,418.0,428.0,458.0,447.0,446.85714285714283,20.119878821938872
391,21,3,2025,4,12,0,449.0,422.0,474.0,419.3333333333333,442.42857142857144,28.265745717252177
475,22,3,2025,5,12,1,391.0,457.0,418.0,438.3333333333333,445.0,30.539591789456626
413,23,3,2025,6,12,1,475.0,450.0,449.0,426.3333333333333,439.7142857142857,32.658405174953145
396,24,3,2025,0,13,0,413.0,458.0,391.0,428.0,430.85714285714283,35.18251730347756
500,25,3,2025,1,13,0,396.0,474.0,475.0,436.3333333333333,434.57142857142856,41.33141316584384
440,26,3,2025,2,13,0,500.0,418.0,413.0,445.3333333333333,437.7142857142857,40.69280970767119
409,27,3,2025,3,13,0,440.0,449.0,396.0,449.6666666666667,432.0,41.64132562731372
414,28,3,2025,4,13,0,409.0,391.0,500.0,421.0,435.2857142857143,38.6683086679269
415,29,3,2025,5,13,1,414.0,475.0,440.0,412.6666666666667,426.7142857142857,34.86026527779253
461,30,3,2025,6,13,1,415.0,413.0,409.0,430.0,433.57142857142856,36.399895342601674
451,31,3,2025,0,14,0,461.0,396.0,414.0,442.3333333333333,441.42857142857144,32.6846403419969
