date,quantity,day,month,year,day_of_week,week_of_year,is_weekend,day_of_week_sin,day_of_week_cos,month_sin,month_cos,trend,lag_1,lag_3,lag_7,lag_14,lag_21,rolling_mean_3,rolling_std_3,rolling_mean_7,rolling_std_7,rolling_mean_14,rolling_std_14
2024-04-22,410,22,4,2024,0,17,0,0.0,1.0,0.8660254037844387,-0.4999999999999998,21,513.0,476.0,429.0,444.0,475.0,494.6666666666667,18.50225211517053,473.14285714285717,29.288385476320173,463.35714285714283,27.886051497690946
2024-04-23,405,23,4,2024,1,17,0,0.7818314824680298,0.6234898018587336,0.8660254037844387,-0.4999999999999998,22,410.0,495.0,460.0,426.0,456.0,472.6666666666667,55.012119876744734,470.42857142857144,34.48118879842137,460.92857142857144,31.007354675238695
2024-04-24,455,24,4,2024,2,17,0,0.9749279121818236,-0.22252093395631434,0.8660254037844387,-0.4999999999999998,23,405.0,513.0,491.0,474.0,466.0,442.6666666666667,60.9617366331811,462.57142857142856,42.57094918234398,459.42857142857144,33.253604282877376
2024-04-25,486,25,4,2024,3,17,0,0.43388373911755823,-0.900968867902419,0.8660254037844387,-0.4999999999999998,24,455.0,410.0,448.0,449.0,415.0,423.3333333333333,27.53785273643055,457.42857142857144,40.697490270110194,458.07142857142856,32.999916749811774
2024-04-26,512,26,4,2024,4,17,0,-0.433883739117558,-0.9009688679024191,0.8660254037844387,-0.4999999999999998,25,486.0,405.0,476.0,493.0,446.0,448.6666666666667,40.8697116864474,462.85714285714283,41.75096234990107,460.7142857142857,33.69188117548291
2024-04-27,423,27,4,2024,5,17,1,-0.9749279121818236,-0.2225209339563146,0.8660254037844387,-0.4999999999999998,26,512.0,455.0,495.0,427.0,428.0,484.3333333333333,28.536526301099354,468.0,45.67274898667694,462.07142857142856,35.43024411152428
2024-04-28,496,28,4,2024,6,17,1,-0.7818314824680299,0.6234898018587334,0.8660254037844387,-0.4999999999999998,27,423.0,486.0,513.0,462.0,417.0,473.6666666666667,45.763886781318476,457.7142857142857,46.67516929344153,461.7857142857143,35.74951010192273
2024-04-29,474,29,4,2024,0,18,0,0.0,1.0,0.8660254037844387,-0.4999999999999998,28,496.0,512.0,410.0,429.0,444.0,477.0,47.44470465710586,455.2857142857143,43.664303825567025,464.2142857142857,36.90148750687136
2024-04-30,389,30,4,2024,1,18,0,0.7818314824680298,0.6234898018587336,0.8660254037844387,-0.4999999999999998,29,474.0,423.0,405.0,460.0,426.0,464.3333333333333,37.447741364911934,464.42857142857144,39.0591736678984,467.42857142857144,35.53268113401285
2024-05-01,468,1,5,2024,2,18,0,0.9749279121818236,-0.22252093395631434,0.49999999999999994,-0.8660254037844387,30,389.0,496.0,455.0,491.0,474.0,453.0,56.506636778346696,462.14285714285717,43.349081387531804,462.35714285714283,41.27693925529989
2024-05-02,454,2,5,2024,3,18,0,0.43388373911755823,-0.900968867902419,0.49999999999999994,-0.8660254037844387,31,468.0,474.0,486.0,448.0,449.0,443.6666666666667,47.43767841424511,464.0,43.27046721880101,460.7142857142857,40.49962691457519
2024-05-03,441,3,5,2024,4,18,0,-0.433883739117558,-0.9009688679024191,0.49999999999999994,-0.8660254037844387,32,454.0,389.0,512.0,476.0,493.0,437.0,42.154477816716025,459.42857142857144,42.23686045330997,461.14285714285717,40.38632126172112
2024-05-04,449,4,5,2024,5,18,1,-0.9749279121818236,-0.2225209339563146,0.49999999999999994,-0.8660254037844387,33,441.0,468.0,423.0,495.0,427.0,454.3333333333333,13.503086067019524,449.2857142857143,35.4951371585568,458.64285714285717,40.47906798649083
2024-05-05,410,5,5,2024,6,18,1,-0.7818314824680299,0.6234898018587334,0.49999999999999994,-0.8660254037844387,34,449.0,454.0,496.0,513.0,462.0,448.0,6.557438524302247,453.0,33.59563463705761,455.35714285714283,39.145895045344155
2024-05-06,391,6,5,2024,0,19,0,0.0,1.0,0.49999999999999994,-0.8660254037844387,35,410.0,441.0,474.0,410.0,429.0,433.3333333333333,20.599352740640573,440.7142857142857,30.863755905129644,448.0,37.10484106918167
2024-05-07,438,7,5,2024,1,19,0,0.7818314824680298,0.6234898018587336,0.49999999999999994,-0.8660254037844387,36,391.0,449.0,389.0,405.0,460.0,416.6666666666667,29.569128044860175,428.85714285714283,31.87176687617929,446.64285714285717,38.9054220916811
2024-05-08,456,8,5,2024,2,19,0,0.9749279121818236,-0.22252093395631434,0.49999999999999994,-0.8660254037844387,37,438.0,410.0,468.0,455.0,491.0,413.0,23.643180835073856,435.85714285714283,26.604689883731396,449.0,37.148351242013426
2024-05-09,330,9,5,2024,3,19,0,0.43388373911755823,-0.900968867902419,0.49999999999999994,-0.8660254037844387,38,456.0,391.0,454.0,486.0,448.0,428.3333333333333,33.5608899365517,434.14285714285717,24.491009040248205,449.07142857142856,37.161734425272805
2024-05-10,390,10,5,2024,4,19,0,-0.433883739117558,-0.9009688679024191,0.49999999999999994,-0.8660254037844387,39,330.0,438.0,441.0,512.0,476.0,408.0,68.14690014960331,416.42857142857144,44.44793637075904,437.92857142857144,47.25457126558768
2024-05-11,460,11,5,2024,5,19,1,-0.9749279121818236,-0.2225209339563146,0.49999999999999994,-0.8660254037844387,40,390.0,456.0,449.0,423.0,495.0,392.0,63.02380502635496,409.14285714285717,43.92580324224234,429.2142857142857,43.65631256042618
2024-05-12,469,12,5,2024,6,19,1,-0.7818314824680299,0.6234898018587334,0.49999999999999994,-0.8660254037844387,41,460.0,330.0,410.0,496.0,513.0,393.3333333333333,65.06407098647716,410.7142857142857,45.74827605391005,431.85714285714283,44.36536615746243
2024-05-13,453,13,5,2024,0,20,0,0.0,1.0,0.49999999999999994,-0.8660254037844387,42,469.0,390.0,391.0,474.0,410.0,439.6666666666667,43.24735059322524,419.14285714285717,50.75571748229803,429.92857142857144,41.87979921653852
2024-05-14,466,14,5,2024,1,20,0,0.7818314824680298,0.6234898018587336,0.49999999999999994,-0.8660254037844387,43,453.0,460.0,438.0,389.0,405.0,460.6666666666667,8.020806277011019,428.0,50.43477636181866,428.42857142857144,40.53434305663489
2024-05-15,484,15,5,2024,2,20,0,0.9749279121818236,-0.22252093395631434,0.49999999999999994,-0.8660254037844387,44,466.0,469.0,456.0,468.0,455.0,462.6666666666667,8.504900548115733,432.0,52.43090691567327,433.92857142857144,39.99319997144569
2024-05-16,481,16,5,2024,3,20,0,0.43388373911755823,-0.900968867902419,0.49999999999999994,-0.8660254037844387,45,484.0,453.0,330.0,454.0,486.0,467.6666666666667,15.567059238447676,436.0,55.54277630799521,435.07142857142856,41.2505744215749
2024-05-17,480,17,5,2024,4,20,0,-0.433883739117558,-0.9009688679024191,0.49999999999999994,-0.8660254037844387,46,481.0,466.0,390.0,441.0,512.0,477.0,9.643650760993244,457.57142857142856,31.732512994598654,437.0,42.80546334648992
2024-05-18,427,18,5,2024,5,20,1,-0.9749279121818236,-0.2225209339563146,0.49999999999999994,-0.8660254037844387,47,480.0,484.0,460.0,449.0,423.0,481.6666666666667,2.081665999467483,470.42857142857144,11.702665549026488,439.7857142857143,44.32776273906173
2024-05-19,485,19,5,2024,6,20,1,-0.7818314824680299,0.6234898018587334,0.49999999999999994,-0.8660254037844387,48,427.0,481.0,469.0,410.0,496.0,462.6666666666667,30.89228598426053,465.7142857142857,20.1801411104602,438.2142857142857,44.3659234642441
2024-05-20,412,20,5,2024,0,21,0,0.0,1.0,0.49999999999999994,-0.8660254037844387,49,485.0,480.0,453.0,391.0,474.0,464.0,32.14031735997649,468.0,21.47867159144913,443.57142857142856,45.21693740813757
2024-05-21,462,21,5,2024,1,21,0,0.7818314824680298,0.6234898018587336,0.49999999999999994,-0.8660254037844387,50,412.0,427.0,466.0,438.0,389.0,441.3333333333333,38.552993831002794,462.14285714285717,30.107743031920897,445.07142857142856,43.66033983749184
2024-05-22,489,22,5,2024,2,21,0,0.9749279121818236,-0.22252093395631434,0.49999999999999994,-0.8660254037844387,51,462.0,485.0,484.0,456.0,468.0,453.0,37.32291521304313,461.57142857142856,30.06025694532631,446.7857142857143,43.832159902955325
2024-05-23,440,23,5,2024,3,21,0,0.43388373911755823,-0.900968867902419,0.49999999999999994,-0.8660254037844387,52,489.0,412.0,481.0,330.0,454.0,454.3333333333333,39.06831623366101,462.2857142857143,30.73388079256213,449.14285714285717,45.23078791955961
2024-05-24,476,24,5,2024,4,21,0,-0.433883739117558,-0.9009688679024191,0.49999999999999994,-0.8660254037844387,53,440.0,462.0,480.0,390.0,441.0,463.6666666666667,24.54248017893345,456.42857142857144,30.478720133108798,457.0,29.897259972214176
2024-05-25,469,25,5,2024,5,21,1,-0.9749279121818236,-0.2225209339563146,0.49999999999999994,-0.8660254037844387,54,476.0,489.0,427.0,460.0,449.0,468.3333333333333,25.383721817994722,455.85714285714283,29.99682522883904,463.14285714285717,23.144552915758347
2024-05-26,478,26,5,2024,6,21,1,-0.7818314824680299,0.6234898018587334,0.49999999999999994,-0.8660254037844387,55,469.0,440.0,485.0,469.0,410.0,461.6666666666667,19.087517736294078,461.85714285714283,27.346106191001212,463.7857142857143,23.17551284447454
2024-05-27,471,27,5,2024,0,22,0,0.0,1.0,0.49999999999999994,-0.8660254037844387,56,478.0,476.0,412.0,453.0,391.0,474.3333333333333,4.7258156262533895,460.85714285714283,26.47280725215055,464.42857142857144,23.454421547117704
2024-05-28,427,28,5,2024,1,22,0,0.7818314824680298,0.6234898018587336,0.49999999999999994,-0.8660254037844387,57,471.0,469.0,462.0,466.0,438.0,472.6666666666667,4.7258156262533895,469.2857142857143,15.402535350976684,465.7142857142857,23.272395570813188
2024-05-29,409,29,5,2024,2,22,0,0.9749279121818236,-0.22252093395631434,0.49999999999999994,-0.8660254037844387,58,427.0,478.0,489.0,484.0,456.0,458.6666666666667,27.646579052992095,464.2857142857143,22.298836185731453,462.92857142857144,25.466310432274543
2024-05-30,474,30,5,2024,3,22,0,0.43388373911755823,-0.900968867902419,0.49999999999999994,-0.8660254037844387,59,409.0,471.0,440.0,481.0,330.0,435.6666666666667,31.895663237081965,452.85714285714283,27.43129946750939,457.57142857142856,28.411033300230724
2024-05-31,464,31,5,2024,4,22,0,-0.433883739117558,-0.9009688679024191,0.49999999999999994,-0.8660254037844387,60,474.0,427.0,476.0,480.0,390.0,436.6666666666667,33.56088993655177,457.7142857142857,27.78317407901323,457.07142857142856,28.02598872396922
2024-06-01,445,1,6,2024,5,22,1,-0.9749279121818236,-0.2225209339563146,1.2246467991473532e-16,-1.0,61,464.0,409.0,469.0,427.0,460.0,449.0,35.00000000000012,456.0,26.82039025318841,455.92857142857144,27.33682859810558
2024-06-02,485,2,6,2024,6,22,1,-0.7818314824680299,0.6234898018587334,1.2246467991473532e-16,-1.0,62,445.0,474.0,478.0,485.0,469.0,461.0,14.73091986265652,452.57142857142856,26.412479013130103,457.2142857142857,26.27423005218556
2024-06-03,509,3,6,2024,0,23,0,0.0,1.0,1.2246467991473532e-16,-1.0,63,485.0,464.0,471.0,412.0,453.0,464.6666666666667,20.00833159794543,453.57142857142856,27.639688510407847,457.2142857142857,26.27423005218556
2024-06-04,460,4,6,2024,1,23,0,0.7818314824680298,0.6234898018587336,1.2246467991473532e-16,-1.0,64,509.0,445.0,427.0,462.0,466.0,479.6666666666667,32.33161507461916,459.0,34.51086785347467,464.14285714285717,26.223469062470336
2024-06-05,401,5,6,2024,2,23,0,0.9749279121818236,-0.22252093395631434,1.2246467991473532e-16,-1.0,65,460.0,485.0,409.0,489.0,484.0,484.6666666666667,24.501700621249555,463.7142857142857,31.536826545665953,464.0,26.241482134502117
2024-06-06,459,6,6,2024,3,23,0,0.43388373911755823,-0.900968867902419,1.2246467991473532e-16,-1.0,66,401.0,509.0,474.0,440.0,481.0,456.6666666666667,54.07710544521906,462.57142857142856,33.90603261396177,457.7142857142857,30.054894830904146
2024-06-07,431,7,6,2024,4,23,0,-0.433883739117558,-0.9009688679024191,1.2246467991473532e-16,-1.0,67,459.0,460.0,464.0,476.0,480.0,440.0,33.7786915081092,460.42857142857144,33.535340278861625,459.07142857142856,29.61928759781714
2024-06-08,478,8,6,2024,5,23,1,-0.9749279121818236,-0.2225209339563146,1.2246467991473532e-16,-1.0,68,431.0,401.0,445.0,469.0,427.0,430.3333333333333,29.00574655707627,455.7142857142857,35.22647813654882,455.85714285714283,30.079016818161744
2024-06-09,530,9,6,2024,6,23,1,-0.7818314824680299,0.6234898018587334,1.2246467991473532e-16,-1.0,69,478.0,459.0,485.0,478.0,485.0,456.0,23.64318083507397,460.42857142857144,35.757783035571975,456.5,30.475084400716167
2024-06-10,464,10,6,2024,0,24,0,0.0,1.0,1.2246467991473532e-16,-1.0,70,530.0,431.0,509.0,471.0,412.0,479.6666666666667,49.521039299810155,466.85714285714283,44.00541092270567,460.2142857142857,35.970454909183914
2024-06-11,439,11,6,2024,1,24,0,0.7818314824680298,0.6234898018587336,1.2246467991473532e-16,-1.0,71,464.0,478.0,460.0,427.0,462.0,490.6666666666667,34.77547028198672,460.42857142857144,39.9201584117478,459.7142857142857,35.85747121254158
2024-06-12,444,12,6,2024,2,24,0,0.9749279121818236,-0.22252093395631434,1.2246467991473532e-16,-1.0,72,439.0,530.0,401.0,409.0,489.0,477.6666666666667,47.01418225741401,457.42857142857144,40.73842225245153,460.57142857142856,35.15179016278344
2024-06-13,403,13,6,2024,3,24,0,0.43388373911755823,-0.900968867902419,1.2246467991473532e-16,-1.0,73,444.0,464.0,459.0,474.0,440.0,449.0,13.228756555323313,463.57142857142856,33.39090266752867,463.07142857142856,32.33351270672663
2024-06-14,470,14,6,2024,4,24,0,-0.433883739117558,-0.9009688679024191,1.2246467991473532e-16,-1.0,74,403.0,439.0,431.0,464.0,476.0,428.6666666666667,22.368132093077044,455.57142857142856,40.59908514099428,458.0,35.86298713372677
2024-06-15,406,15,6,2024,5,24,1,-0.9749279121818236,-0.2225209339563146,1.2246467991473532e-16,-1.0,75,470.0,444.0,478.0,445.0,469.0,439.0,33.77869150810922,461.14285714285717,39.32102309379613,458.42857142857144,35.97587714377152
2024-06-16,438,16,6,2024,6,24,1,-0.7818314824680299,0.6234898018587334,1.2246467991473532e-16,-1.0,76,406.0,403.0,530.0,485.0,478.0,426.3333333333333,37.84617990409789,450.85714285714283,43.383670397314745,455.64285714285717,38.51594503550479
2024-06-17,428,17,6,2024,0,25,0,0.0,1.0,1.2246467991473532e-16,-1.0,77,438.0,470.0,464.0,509.0,471.0,438.0,32.000000000000156,437.7142857142857,25.772816982977936,452.2857142857143,37.80197099344177
2024-06-18,458,18,6,2024,1,25,0,0.7818314824680298,0.6234898018587336,1.2246467991473532e-16,-1.0,78,428.0,406.0,439.0,460.0,427.0,424.0,16.370705543745206,432.57142857142856,23.107409654748402,446.5,34.50919609878812
2024-06-19,457,19,6,2024,2,25,0,0.9749279121818236,-0.22252093395631434,1.2246467991473532e-16,-1.0,79,458.0,438.0,444.0,401.0,409.0,441.3333333333333,15.275252316519802,435.2857142857143,25.024749653854183,446.35714285714283,34.453105571435515
2024-06-20,426,20,6,2024,3,25,0,0.43388373911755823,-0.900968867902419,1.2246467991473532e-16,-1.0,80,457.0,428.0,403.0,459.0,474.0,447.6666666666667,17.039170558843043,437.14285714285717,26.232477144616702,450.35714285714283,31.94130950269968
2024-06-21,440,21,6,2024,4,25,0,-0.433883739117558,-0.9009688679024191,1.2246467991473532e-16,-1.0,81,426.0,458.0,470.0,431.0,464.0,447.0,18.193405398660524,440.42857142857144,22.404293806151593,448.0,32.467735463900844
2024-06-22,461,22,6,2024,5,25,1,-0.9749279121818236,-0.2225209339563146,1.2246467991473532e-16,-1.0,82,440.0,457.0,406.0,478.0,445.0,441.0,15.524174696260342,436.14285714285717,18.29780106486853,448.64285714285717,32.19318404415907
2024-06-23,456,23,6,2024,6,25,1,-0.7818314824680299,0.6234898018587334,1.2246467991473532e-16,-1.0,83,461.0,426.0,438.0,530.0,485.0,442.3333333333333,17.616280348965372,444.0,14.640127503997903,447.42857142857144,31.309163774584178
2024-06-24,377,24,6,2024,0,26,0,0.0,1.0,1.2246467991473532e-16,-1.0,84,456.0,440.0,428.0,464.0,509.0,452.3333333333333,10.969655114603366,446.57142857142856,14.987296207756442,442.14285714285717,20.769271469231434
2024-06-25,430,25,6,2024,1,26,0,0.7818314824680298,0.6234898018587336,1.2246467991473532e-16,-1.0,85,377.0,461.0,458.0,439.0,460.0,431.3333333333333,47.12041312778723,439.2857142857143,30.1977608756799,435.92857142857144,26.066377653138378
2024-06-26,476,26,6,2024,2,26,0,0.9749279121818236,-0.22252093395631434,1.2246467991473532e-16,-1.0,86,430.0,456.0,457.0,444.0,401.0,421.0,40.261644278394904,435.2857142857143,29.14168998596472,435.2857142857143,26.095766150642103
2024-06-27,417,27,6,2024,3,26,0,0.43388373911755823,-0.900968867902419,1.2246467991473532e-16,-1.0,87,476.0,377.0,426.0,403.0,459.0,427.6666666666667,49.541228621556634,438.0,32.22318006239165,437.57142857142856,28.231772297058438
2024-06-28,485,28,6,2024,4,26,0,-0.433883739117558,-0.9009688679024191,1.2246467991473532e-16,-1.0,88,417.0,430.0,440.0,470.0,431.0,441.0,31.00000000000013,436.7142857142857,32.95306908172201,438.57142857142856,27.13984945741996
2024-06-29,425,29,6,2024,5,26,1,-0.9749279121818236,-0.2225209339563146,1.2246467991473532e-16,-1.0,89,485.0,476.0,461.0,406.0,478.0,459.3333333333333,36.93688310257569,443.14285714285717,37.74223351202433,439.64285714285717,28.72577813863918
2024-06-30,475,30,6,2024,6,26,1,-0.7818314824680299,0.6234898018587334,1.2246467991473532e-16,-1.0,90,425.0,417.0,456.0,438.0,530.0,442.3333333333333,37.16629297271039,438.0,37.35416085703592,441.0,27.43383649100826
2024-07-01,402,1,7,2024,0,27,0,0.0,1.0,-0.4999999999999997,-0.8660254037844388,91,475.0,485.0,377.0,428.0,464.0,461.6666666666667,32.14550253664331,440.7142857142857,39.50828725602698,443.64285714285717,28.867354846334116
2024-07-02,459,2,7,2024,1,27,0,0.7818314824680298,0.6234898018587336,-0.4999999999999997,-0.8660254037844388,92,402.0,425.0,430.0,458.0,439.0,434.0,37.32291521304316,444.2857142857143,33.4550159951849,441.7857142857143,30.72753356000627
2024-07-03,453,3,7,2024,2,27,0,0.9749279121818236,-0.22252093395631434,-0.4999999999999997,-0.8660254037844388,93,459.0,475.0,476.0,457.0,444.0,445.3333333333333,38.37099599089581,448.42857142857144,33.185625115186504,441.85714285714283,30.76925824174586
2024-07-04,477,4,7,2024,3,27,0,0.43388373911755823,-0.900968867902419,-0.4999999999999997,-0.8660254037844388,94,453.0,402.0,417.0,426.0,403.0,438.0,31.320919526731785,445.14285714285717,31.072112745614398,441.57142857142856,30.636113143991047
2024-07-05,505,5,7,2024,4,27,0,-0.433883739117558,-0.9009688679024191,-0.4999999999999997,-0.8660254037844388,95,477.0,459.0,485.0,440.0,470.0,463.0,12.489995996797132,453.7142857142857,30.28043529912913,445.2142857142857,31.657247490603382
2024-07-06,411,6,7,2024,5,27,1,-0.9749279121818236,-0.2225209339563146,-0.4999999999999997,-0.8660254037844388,96,505.0,453.0,425.0,461.0,406.0,478.3333333333333,26.025628394591017,456.57142857142856,34.38922865693605,449.85714285714283,35.38112739617232
2024-07-07,450,7,7,2024,6,27,1,-0.7818314824680299,0.6234898018587334,-0.4999999999999997,-0.8660254037844388,97,411.0,477.0,475.0,456.0,438.0,464.3333333333333,48.263167460635465,454.57142857142856,36.850405438100196,446.2857142857143,36.66989662763334
2024-07-08,431,8,7,2024,0,28,0,0.0,1.0,-0.4999999999999997,-0.8660254037844388,98,450.0,505.0,402.0,377.0,428.0,455.3333333333333,47.22640504350655,451.0,35.73513677041104,445.85714285714283,36.58258758324389
2024-07-09,419,9,7,2024,1,28,0,0.7818314824680298,0.6234898018587336,-0.4999999999999997,-0.8660254037844388,99,431.0,411.0,459.0,430.0,458.0,430.6666666666667,19.502136635080284,455.14285714285717,30.388751051600888,449.7142857142857,31.21742257982667
2024-07-10,441,10,7,2024,2,28,0,0.9749279121818236,-0.22252093395631434,-0.4999999999999997,-0.8660254037844388,100,419.0,450.0,453.0,476.0,457.0,433.3333333333333,15.631165450258024,449.42857142857144,33.175579084908684,448.92857142857144,31.883114136372658
2024-07-11,430,11,7,2024,3,28,0,0.43388373911755823,-0.900968867902419,-0.4999999999999997,-0.8660254037844388,101,441.0,431.0,477.0,417.0,426.0,430.3333333333333,11.01514109457251,447.7142857142857,33.27017826680141,446.42857142857144,30.95583525385372
2024-07-12,440,12,7,2024,4,28,0,-0.433883739117558,-0.9009688679024191,-0.4999999999999997,-0.8660254037844388,102,430.0,419.0,505.0,485.0,440.0,430.0,11.000000000000306,441.0,31.042980956516537,447.35714285714283,30.190694294401702
2024-07-13,461,13,7,2024,5,28,1,-0.9749279121818236,-0.2225209339563146,-0.4999999999999997,-0.8660254037844388,103,440.0,441.0,411.0,425.0,461.0,437.0,6.082762530298771,431.7142857142857,13.43768687577624,444.14285714285717,28.20490176399269
2024-07-14,471,14,7,2024,6,28,1,-0.7818314824680299,0.6234898018587334,-0.4999999999999997,-0.8660254037844388,104,461.0,430.0,450.0,475.0,456.0,443.6666666666667,15.821925715074629,438.85714285714283,13.87357886329881,446.7142857142857,27.965441782062573
2024-07-15,431,15,7,2024,0,29,0,0.0,1.0,-0.4999999999999997,-0.8660254037844388,105,471.0,440.0,431.0,402.0,377.0,457.3333333333333,15.821925715074629,441.85714285714283,18.26133046840157,446.42857142857144,27.673131333519066
2024-07-16,490,16,7,2024,1,29,0,0.7818314824680298,0.6234898018587336,-0.4999999999999997,-0.8660254037844388,106,431.0,461.0,419.0,459.0,430.0,454.3333333333333,20.81665999466148,441.85714285714283,18.26133046840157,448.5,25.053020699186057
2024-07-17,404,17,7,2024,2,29,0,0.9749279121818236,-0.22252093395631434,-0.4999999999999997,-0.8660254037844388,107,490.0,471.0,441.0,453.0,476.0,464.0,30.1164406927513,452.0,22.64214359698853,450.7142857142857,27.31983942803521
2024-07-18,393,18,7,2024,3,29,0,0.43388373911755823,-0.900968867902419,-0.4999999999999997,-0.8660254037844388,108,404.0,431.0,430.0,477.0,417.0,441.6666666666667,43.98105652816153,446.7142857142857,29.050038931208736,447.2142857142857,30.01071237313194
2024-07-19,408,19,7,2024,4,29,0,-0.433883739117558,-0.9009688679024191,-0.4999999999999997,-0.8660254037844388,109,393.0,490.0,440.0,505.0,485.0,429.0,53.11308689955807,441.42857142857144,35.29332865598013,441.2142857142857,31.933051533165006
2024-07-20,367,20,7,2024,5,29,1,-0.9749279121818236,-0.2225209339563146,-0.4999999999999997,-0.8660254037844388,110,408.0,404.0,461.0,411.0,425.0,401.6666666666667,7.767453465154462,436.85714285714283,37.51190287285941,434.2857142857143,27.201325113164483
2024-07-21,470,21,7,2024,6,29,1,-0.7818314824680299,0.6234898018587334,-0.4999999999999997,-0.8660254037844388,111,367.0,393.0,471.0,450.0,475.0,389.3333333333333,20.74447717666897,423.42857142857144,43.73731108507199,431.14285714285717,32.18422246729222
2024-07-22,456,22,7,2024,0,30,0,0.0,1.0,-0.4999999999999997,-0.8660254037844388,112,470.0,408.0,431.0,431.0,402.0,415.0,51.85556864985675,423.2857142857143,43.55729669341378,432.57142857142856,33.502501136744485
2024-07-23,525,23,7,2024,1,30,0,0.7818314824680298,0.6234898018587336,-0.4999999999999997,-0.8660254037844388,113,456.0,367.0,490.0,419.0,459.0,431.0,55.865910893853744,426.85714285714283,45.285864503280756,434.35714285714283,34.07369195606001
2024-07-24,501,24,7,2024,2,30,0,0.9749279121818236,-0.22252093395631434,-0.4999999999999997,-0.8660254037844388,114,525.0,470.0,404.0,441.0,453.0,483.6666666666667,36.473734842120834,431.85714285714283,54.42863392072385,441.92857142857144,41.39019632290168
2024-07-25,368,25,7,2024,3,30,0,0.43388373911755823,-0.900968867902419,-0.4999999999999997,-0.8660254037844388,115,501.0,456.0,393.0,430.0,477.0,494.0,35.02855977627407,445.7142857142857,58.36012989965618,446.2142857142857,44.291305921363126
2024-07-26,424,26,7,2024,4,30,0,-0.433883739117558,-0.9009688679024191,-0.4999999999999997,-0.8660254037844388,116,368.0,525.0,408.0,440.0,505.0,464.6666666666667,84.57146879020927,442.14285714285717,62.72540307145241,441.7857142857143,48.897347059431986
2024-07-27,407,27,7,2024,5,30,1,-0.9749279121818236,-0.2225209339563146,-0.4999999999999997,-0.8660254037844388,117,424.0,501.0,367.0,461.0,411.0,431.0,66.77574409918626,444.42857142857144,61.55446678310488,440.64285714285717,49.128727524045026
2024-07-28,428,28,7,2024,6,30,1,-0.7818314824680299,0.6234898018587334,-0.4999999999999997,-0.8660254037844388,118,407.0,368.0,470.0,471.0,450.0,399.6666666666667,28.7112057101986,450.14285714285717,54.63646087680677,436.7857142857143,49.525717594969706
2024-07-29,459,29,7,2024,0,31,0,0.0,1.0,-0.4999999999999997,-0.8660254037844388,119,428.0,424.0,456.0,431.0,431.0,419.6666666666667,11.150485789118783,444.14285714285717,54.398004165068755,433.7142857142857,48.56467309194471
2024-07-30,420,30,7,2024,1,31,0,0.7818314824680298,0.6234898018587336,-0.4999999999999997,-0.8660254037844388,120,459.0,407.0,525.0,490.0,419.0,431.3333333333333,26.15976554431137,444.57142857142856,54.51867307891576,435.7142857142857,49.0187225948938
2024-07-31,469,31,7,2024,2,31,0,0.9749279121818236,-0.22252093395631434,-0.4999999999999997,-0.8660254037844388,121,420.0,428.0,501.0,404.0,441.0,435.6666666666667,20.599352740640683,429.57142857142856,41.620736589898264,430.7142857142857,46.564146939676284
2024-08-01,441,1,8,2024,3,31,0,0.43388373911755823,-0.900968867902419,-0.8660254037844385,-0.5000000000000004,122,469.0,459.0,368.0,393.0,430.0,449.3333333333333,25.890796305508662,425.0,33.41656275960544,435.35714285714283,46.93466349472023
2024-08-02,474,2,8,2024,4,31,0,-0.433883739117558,-0.9009688679024191,-0.8660254037844385,-0.5000000000000004,123,441.0,420.0,424.0,408.0,440.0,443.3333333333333,24.583192089989875,435.42857142857144,22.157445271338528,438.7857142857143,45.328168473288734
2024-08-03,468,3,8,2024,5,31,1,-0.9749279121818236,-0.2225209339563146,-0.8660254037844385,-0.5000000000000004,124,474.0,469.0,407.0,367.0,461.0,461.3333333333333,17.78576209593902,442.57142857142856,25.644084066681486,443.5,45.31216511812584
2024-08-04,487,4,8,2024,6,31,1,-0.7818314824680299,0.6234898018587334,-0.8660254037844385,-0.5000000000000004,125,468.0,441.0,428.0,470.0,471.0,461.0,17.578395831247168,451.2857142857143,21.584827122419572,450.7142857142857,39.91419368022927
2024-08-05,475,5,8,2024,0,32,0,0.0,1.0,-0.8660254037844385,-0.5000000000000004,126,487.0,474.0,459.0,456.0,431.0,476.3333333333333,9.71253485622272,459.7142857142857,22.477501979492086,451.92857142857144,40.79491726582213
2024-08-06,416,6,8,2024,1,32,0,0.7818314824680298,0.6234898018587336,-0.8660254037844385,-0.5000000000000004,127,475.0,468.0,420.0,525.0,490.0,476.6666666666667,9.609023536933465,462.0,23.19482700948586,453.2857142857143,41.25423721161363
2024-08-07,436,7,8,2024,2,32,0,0.9749279121818236,-0.22252093395631434,-0.8660254037844385,-0.5000000000000004,128,416.0,487.0,469.0,501.0,404.0,459.3333333333333,38.00438571182727,461.42857142857144,24.418962186908946,445.5,36.71459571425963
2024-08-08,499,8,8,2024,3,32,0,0.43388373911755823,-0.900968867902419,-0.8660254037844385,-0.5000000000000004,129,436.0,475.0,441.0,368.0,393.0,442.3333333333333,30.005555041247618,456.7142857142857,25.85674822113956,440.85714285714283,33.08696499752195
2024-08-09,446,9,8,2024,4,32,0,-0.433883739117558,-0.9009688679024191,-0.8660254037844385,-0.5000000000000004,130,499.0,416.0,474.0,424.0,408.0,450.3333333333333,43.31666346030521,465.0,29.074616649808252,450.2142857142857,29.192144811255567
2024-08-10,452,10,8,2024,5,32,1,-0.9749279121818236,-0.2225209339563146,-0.8660254037844385,-0.5000000000000004,131,446.0,436.0,468.0,407.0,367.0,460.3333333333333,33.857544703261354,461.0,29.552213679068235,451.7857142857143,28.249380037931278
2024-08-11,483,11,8,2024,6,32,1,-0.7818314824680299,0.6234898018587334,-0.8660254037844385,-0.5000000000000004,132,452.0,499.0,487.0,428.0,470.0,465.6666666666667,29.022979401387122,458.7142857142857,29.53932004246887,455.0,25.151846544844062
2024-08-12,428,12,8,2024,0,33,0,0.0,1.0,-0.8660254037844385,-0.5000000000000004,133,483.0,446.0,475.0,459.0,456.0,460.3333333333333,19.857828011475526,458.14285714285717,28.933421110246044,458.92857142857144,24.904322410482823
2024-08-13,397,13,8,2024,1,33,0,0.7818314824680298,0.6234898018587336,-0.8660254037844385,-0.5000000000000004,134,428.0,452.0,416.0,420.0,525.0,454.3333333333333,27.574142476844894,451.42857142857144,29.809713980832196,456.7142857142857,26.239807021536443
2024-08-14,452,14,8,2024,2,33,0,0.9749279121818236,-0.22252093395631434,-0.8660254037844385,-0.5000000000000004,135,397.0,483.0,436.0,469.0,501.0,436.0,43.55456348076523,448.7142857142857,34.12581762495081,455.07142857142856,29.26132728919306
2024-08-15,427,15,8,2024,3,33,0,0.43388373911755823,-0.900968867902419,-0.8660254037844385,-0.5000000000000004,136,452.0,428.0,499.0,441.0,368.0,425.6666666666667,27.574142476844887,451.0,33.665016461206555,453.85714285714283,28.990335638615143
2024-08-16,418,16,8,2024,4,33,0,-0.433883739117558,-0.9009688679024191,-0.8660254037844385,-0.5000000000000004,137,427.0,397.0,446.0,474.0,424.0,425.3333333333333,27.53785273643066,440.7142857142857,26.868285429195854,452.85714285714283,29.700704842341136
2024-08-17,452,17,8,2024,5,33,1,-0.9749279121818236,-0.2225209339563146,-0.8660254037844385,-0.5000000000000004,138,418.0,452.0,452.0,468.0,407.0,432.3333333333333,17.616280348965326,436.7142857142857,28.010202222965216,448.85714285714283,30.397006793071213
2024-08-18,475,18,8,2024,6,33,1,-0.7818314824680299,0.6234898018587334,-0.8660254037844385,-0.5000000000000004,139,452.0,427.0,483.0,487.0,428.0,432.3333333333333,17.616280348965326,436.7142857142857,28.010202222965216,447.7142857142857,29.918938101858693
2024-08-19,448,19,8,2024,0,34,0,0.0,1.0,-0.8660254037844385,-0.5000000000000004,140,475.0,418.0,428.0,475.0,459.0,448.3333333333333,28.676354952004314,435.57142857142856,25.889876675752852,446.85714285714283,28.86002596847572
2024-08-20,493,20,8,2024,1,34,0,0.7818314824680298,0.6234898018587336,-0.8660254037844385,-0.5000000000000004,141,448.0,452.0,397.0,416.0,420.0,458.3333333333333,14.571661996263249,438.42857142857144,26.018308572087427,444.92857142857144,27.714101619417896
2024-08-21,408,21,8,2024,2,34,0,0.9749279121818236,-0.22252093395631434,-0.8660254037844385,-0.5000000000000004,142,493.0,475.0,452.0,436.0,469.0,472.0,22.649503305812456,452.14285714285717,25.842010831386556,450.42857142857144,29.135530214484124
2024-08-22,419,22,8,2024,3,34,0,0.43388373911755823,-0.900968867902419,-0.8660254037844385,-0.5000000000000004,143,408.0,448.0,427.0,499.0,441.0,449.6666666666667,42.52450274057703,445.85714285714283,30.764853168448035,448.42857142857144,31.097153680569583
2024-08-23,480,23,8,2024,4,34,0,-0.433883739117558,-0.9009688679024191,-0.8660254037844385,-0.5000000000000004,144,419.0,493.0,418.0,446.0,474.0,440.0,46.22769732530499,444.7142857142857,31.716001669579015,442.7142857142857,28.315335805146898
2024-08-24,488,24,8,2024,5,34,1,-0.9749279121818236,-0.2225209339563146,-0.8660254037844385,-0.5000000000000004,145,480.0,408.0,452.0,452.0,468.0,435.6666666666667,38.785736209763286,453.57142857142856,31.66942343890013,445.14285714285717,30.025264087372772
2024-08-25,453,25,8,2024,6,34,1,-0.7818314824680299,0.6234898018587334,-0.8660254037844385,-0.5000000000000004,146,488.0,419.0,475.0,483.0,487.0,462.3333333333333,37.740340927624686,458.7142857142857,34.19412369454832,447.7142857142857,32.125783010938875
2024-08-26,475,26,8,2024,0,35,0,0.0,1.0,-0.8660254037844385,-0.5000000000000004,147,453.0,480.0,448.0,428.0,475.0,473.6666666666667,18.33939293797217,455.57142857142856,33.45074559635938,445.57142857142856,30.553142317845136
2024-08-27,501,27,8,2024,1,35,0,0.7818314824680298,0.6234898018587336,-0.8660254037844385,-0.5000000000000004,148,475.0,488.0,493.0,397.0,416.0,472.0,17.691806012954427,459.42857142857144,33.98459034551331,448.92857142857144,31.051976985777728
2024-08-28,439,28,8,2024,2,35,0,0.9749279121818236,-0.22252093395631434,-0.8660254037844385,-0.5000000000000004,149,501.0,453.0,408.0,452.0,436.0,476.3333333333333,24.02776172125369,460.57142857142856,35.40648312977474,456.35714285714283,30.09882988489018
2024-08-29,440,29,8,2024,3,35,0,0.43388373911755823,-0.900968867902419,-0.8660254037844385,-0.5000000000000004,150,439.0,475.0,419.0,427.0,499.0,471.6666666666667,31.134118476895164,465.0,29.114715637743114,455.42857142857144,30.44216278002061
2024-08-30,447,30,8,2024,4,35,0,-0.433883739117558,-0.9009688679024191,-0.8660254037844385,-0.5000000000000004,151,440.0,501.0,480.0,418.0,446.0,460.0,35.51056180912957,468.0,24.262453846769986,456.35714285714283,29.697467239472765
2024-08-31,433,31,8,2024,5,35,1,-0.9749279121818236,-0.2225209339563146,-0.8660254037844385,-0.5000000000000004,152,447.0,439.0,488.0,452.0,452.0,442.0,4.358898943542004,463.2857142857143,24.743445500537547,458.42857142857144,27.764709990906066
2024-09-01,496,1,9,2024,6,35,1,-0.7818314824680299,0.6234898018587334,-1.0,-1.8369701987210297e-16,153,433.0,440.0,453.0,475.0,483.0,440.0,7.000000000000829,455.42857142857144,24.31636720987922,457.07142857142856,28.5561909917279
2024-09-02,445,2,9,2024,0,36,0,0.0,1.0,-1.0,-1.8369701987210297e-16,154,496.0,447.0,475.0,448.0,428.0,458.6666666666667,33.08070938376843,461.57142857142856,28.64644912757992,458.57142857142856,30.08120876692157
2024-09-03,446,3,9,2024,1,36,0,0.7818314824680298,0.6234898018587336,-1.0,-1.8369701987210297e-16,155,445.0,433.0,501.0,493.0,397.0,458.0,33.45145736735562,457.2857142857143,28.546536776021316,458.35714285714283,30.17285367513482
2024-09-04,443,4,9,2024,2,36,0,0.9749279121818236,-0.22252093395631434,-1.0,-1.8369701987210297e-16,156,446.0,496.0,439.0,408.0,452.0,462.3333333333333,29.160475533388407,449.42857142857144,21.109690846126128,455.0,28.59531968158958
2024-09-05,446,5,9,2024,3,36,0,0.43388373911755823,-0.900968867902419,-1.0,-1.8369701987210297e-16,157,443.0,445.0,440.0,419.0,427.0,444.6666666666667,1.5275252316552663,450.0,20.83266665599903,457.5,25.536549974798522
2024-09-06,451,6,9,2024,4,36,0,-0.433883739117558,-0.9009688679024191,-1.0,-1.8369701987210297e-16,158,446.0,446.0,447.0,480.0,418.0,445.0,1.7320508075718064,450.85714285714283,20.472978707135685,459.42857142857144,23.32946069380376
2024-09-07,464,7,9,2024,5,36,1,-0.9749279121818236,-0.2225209339563146,-1.0,-1.8369701987210297e-16,159,451.0,443.0,433.0,488.0,452.0,446.6666666666667,4.0414518843286285,451.42857142857144,20.403080999831577,457.35714285714283,22.639676346073124
2024-09-08,413,8,9,2024,6,36,1,-0.7818314824680299,0.6234898018587334,-1.0,-1.8369701987210297e-16,160,464.0,446.0,496.0,453.0,475.0,453.6666666666667,9.291573243178101,455.85714285714283,19.056307542197967,455.64285714285717,20.989400778844125
2024-09-09,399,9,9,2024,0,37,0,0.0,1.0,-1.0,-1.8369701987210297e-16,161,413.0,451.0,445.0,475.0,448.0,442.6666666666667,26.50157228040147,444.0,15.383974345618224,452.7857142857143,23.89779060089849
2024-09-10,380,10,9,2024,1,37,0,0.7818314824680298,0.6234898018587336,-1.0,-1.8369701987210297e-16,162,399.0,464.0,446.0,501.0,493.0,425.3333333333333,34.21013495052808,437.42857142857144,22.88272378059526,447.35714285714283,26.90612496142013
2024-09-11,438,11,9,2024,2,37,0,0.9749279121818236,-0.22252093395631434,-1.0,-1.8369701987210297e-16,163,380.0,413.0,443.0,439.0,408.0,397.3333333333333,16.563010998406725,428.0,30.94080369565898,438.7142857142857,27.76945907184454
2024-09-12,471,12,9,2024,3,37,0,0.43388373911755823,-0.900968867902419,-1.0,-1.8369701987210297e-16,164,438.0,399.0,446.0,440.0,419.0,405.6666666666667,29.56912804486026,427.2857142857143,30.59256056469829,438.64285714285717,27.769953721069136
2024-09-13,438,13,9,2024,4,37,0,-0.433883739117558,-0.9009688679024191,-1.0,-1.8369701987210297e-16,165,471.0,380.0,451.0,447.0,480.0,429.6666666666667,46.06878914550871,430.85714285714283,34.36775897760616,440.85714285714283,29.090990259626892
2024-09-14,454,14,9,2024,5,37,1,-0.9749279121818236,-0.2225209339563146,-1.0,-1.8369701987210297e-16,166,438.0,438.0,464.0,433.0,488.0,449.0,19.05255888325784,429.0,33.43650699460055,440.2142857142857,29.04420654908525
2024-09-15,477,15,9,2024,6,37,1,-0.7818314824680299,0.6234898018587334,-1.0,-1.8369701987210297e-16,167,454.0,471.0,413.0,496.0,453.0,454.3333333333333,16.502525059315637,427.57142857142856,31.86877857118184,441.7142857142857,29.18489749439313
2024-09-16,409,16,9,2024,0,38,0,0.0,1.0,-1.0,-1.8369701987210297e-16,168,477.0,438.0,399.0,445.0,475.0,456.3333333333333,19.60442127004367,436.7142857142857,35.915244143743976,440.35714285714283,26.81161385225868
2024-09-17,442,17,9,2024,1,38,0,0.7818314824680298,0.6234898018587336,-1.0,-1.8369701987210297e-16,169,409.0,454.0,380.0,446.0,501.0,446.6666666666667,34.58805188693549,438.14285714285717,34.32894100429207,437.7857142857143,28.030693537973185
2024-09-18,469,18,9,2024,2,38,0,0.9749279121818236,-0.22252093395631434,-1.0,-1.8369701987210297e-16,170,442.0,477.0,438.0,443.0,439.0,442.6666666666667,34.0049016074645,447.0,22.934689882358953,437.5,27.960824242280193
2024-09-19,533,19,9,2024,3,38,0,0.43388373911755823,-0.900968867902419,-1.0,-1.8369701987210297e-16,171,469.0,409.0,471.0,446.0,440.0,440.0,30.04995840263358,451.42857142857144,23.88065565024743,439.35714285714283,29.190639023382108
2024-09-20,419,20,9,2024,4,38,0,-0.433883739117558,-0.9009688679024191,-1.0,-1.8369701987210297e-16,172,533.0,442.0,438.0,451.0,447.0,481.3333333333333,46.73685198356157,460.2857142857143,39.03722277397237,445.57142857142856,38.49218559199184
2024-09-21,419,21,9,2024,5,38,1,-0.9749279121818236,-0.2225209339563146,-1.0,-1.8369701987210297e-16,173,419.0,469.0,454.0,464.0,433.0,473.6666666666667,57.143095237599304,457.57142857142856,41.43210165583,443.2857142857143,39.09048393235784
2024-09-22,414,22,9,2024,6,38,1,-0.7818314824680299,0.6234898018587334,-1.0,-1.8369701987210297e-16,174,419.0,533.0,477.0,413.0,496.0,457.0,65.81793068761742,452.57142857142856,43.96914502563923,440.07142857142856,39.10629358303073
2024-09-23,325,23,9,2024,0,39,0,0.0,1.0,-1.0,-1.8369701987210297e-16,175,414.0,419.0,409.0,399.0,445.0,417.3333333333333,2.886751345950011,443.57142857142856,44.57898287630271,440.14285714285717,39.05392158553073
2024-09-24,458,24,9,2024,1,39,0,0.7818314824680298,0.6234898018587336,-1.0,-1.8369701987210297e-16,176,325.0,419.0,442.0,380.0,446.0,386.0,52.88667128870951,431.57142857142856,62.95463219085378,434.85714285714283,48.83387402968603
2024-09-25,415,25,9,2024,2,39,0,0.9749279121818236,-0.22252093395631434,-1.0,-1.8369701987210297e-16,177,458.0,414.0,469.0,438.0,443.0,399.0,67.75691846593978,433.85714285714283,63.68262078837649,440.42857142857144,46.48691178205925
2024-09-26,439,26,9,2024,3,39,0,0.43388373911755823,-0.900968867902419,-1.0,-1.8369701987210297e-16,178,415.0,325.0,533.0,471.0,446.0,399.3333333333333,67.8699737242718,426.14285714285717,61.96350692525526,438.7857142857143,46.98310428134863
2024-09-27,448,27,9,2024,4,39,0,-0.433883739117558,-0.9009688679024191,-1.0,-1.8369701987210297e-16,179,439.0,458.0,419.0,438.0,451.0,437.3333333333333,21.548395145192277,412.7142857142857,41.87566630599908,436.5,46.064753754487064
2024-09-28,454,28,9,2024,5,39,1,-0.9749279121818236,-0.2225209339563146,-1.0,-1.8369701987210297e-16,180,448.0,415.0,419.0,454.0,464.0,434.0,17.05872210923235,416.85714285714283,43.98268057401858,437.2142857142857,46.16721875868288
2024-09-29,476,29,9,2024,6,39,1,-0.7818314824680299,0.6234898018587334,-1.0,-1.8369701987210297e-16,181,454.0,439.0,414.0,477.0,413.0,447.0,7.549834435271578,421.85714285714283,46.20039167015962,437.2142857142857,46.16721875868288
2024-09-30,473,30,9,2024,0,40,0,0.0,1.0,-1.0,-1.8369701987210297e-16,182,476.0,448.0,325.0,409.0,399.0,459.3333333333333,14.742229591664419,430.7142857142857,50.21193180149578,437.14285714285717,46.101655473124055
2024-10-01,432,1,10,2024,1,40,0,0.7818314824680298,0.6234898018587336,-0.8660254037844386,0.5000000000000001,183,473.0,454.0,458.0,442.0,380.0,467.6666666666667,11.930353445449391,451.85714285714283,20.86007807135045,441.7142857142857,46.269159975464845
2024-10-02,449,2,10,2024,2,40,0,0.9749279121818236,-0.22252093395631434,-0.8660254037844386,0.5000000000000001,184,432.0,476.0,415.0,469.0,438.0,460.3333333333333,24.58319208998997,448.14285714285717,21.874098620884187,441.0,46.34154142385053
2024-10-03,485,3,10,2024,3,40,0,0.43388373911755823,-0.900968867902419,-0.8660254037844386,0.5000000000000001,185,449.0,473.0,439.0,533.0,471.0,451.3333333333333,20.599352740640793,453.0,16.370705543744272,439.57142857142856,45.7160370543646
2024-10-04,489,4,10,2024,4,40,0,-0.433883739117558,-0.9009688679024191,-0.8660254037844386,0.5000000000000001,186,485.0,432.0,448.0,419.0,438.0,455.3333333333333,27.061657993059946,459.57142857142856,18.85786434406161,436.14285714285717,39.55494162040185
2024-10-05,472,5,10,2024,5,40,1,-0.9749279121818236,-0.2225209339563146,-0.8660254037844386,0.5000000000000001,187,489.0,449.0,454.0,419.0,454.0,474.3333333333333,22.030282189144692,465.42857142857144,20.919346252190408,441.14285714285717,41.59300448366306
2024-10-06,451,6,10,2024,6,40,1,-0.7818314824680299,0.6234898018587334,-0.8660254037844386,0.5000000000000001,188,472.0,485.0,476.0,414.0,477.0,482.0,8.888194417316312,468.0,20.3797284901767,444.92857142857144,41.83385505271327
2024-10-07,503,7,10,2024,0,41,0,0.0,1.0,-0.8660254037844386,0.5000000000000001,189,451.0,489.0,473.0,325.0,409.0,470.6666666666667,19.035055380359324,464.42857142857144,20.927311842479092,447.57142857142856,40.8876778235472
2024-10-08,399,8,10,2024,1,41,0,0.7818314824680298,0.6234898018587336,-0.8660254037844386,0.5000000000000001,190,503.0,472.0,432.0,458.0,442.0,475.3333333333333,26.1597655443115,468.7142857142857,25.53895250863046,460.2857142857143,24.049399709215724
2024-10-09,465,9,10,2024,2,41,0,0.9749279121818236,-0.22252093395631434,-0.8660254037844386,0.5000000000000001,191,399.0,451.0,449.0,415.0,469.0,451.0,52.00000000000013,464.0,34.80900266693447,456.07142857142856,29.11638260951614
2024-10-10,450,10,10,2024,3,41,0,0.43388373911755823,-0.900968867902419,-0.8660254037844386,0.5000000000000001,192,465.0,503.0,485.0,439.0,533.0,455.6666666666667,52.62445565830916,466.2857142857143,34.17949817124413,459.64285714285717,26.65335061302983
2024-10-11,434,11,10,2024,4,41,0,-0.433883739117558,-0.9009688679024191,-0.8660254037844386,0.5000000000000001,193,450.0,399.0,489.0,448.0,419.0,438.0,34.59768778401259,461.2857142857143,33.539599906748215,460.42857142857144,26.155494453553903
2024-10-12,478,12,10,2024,5,41,1,-0.9749279121818236,-0.2225209339563146,-0.8660254037844386,0.5000000000000001,194,434.0,465.0,472.0,454.0,419.0,449.6666666666667,15.502687938978442,453.42857142857144,32.38753434505874,459.42857142857144,26.923579273178362
2024-10-13,425,13,10,2024,6,41,1,-0.7818314824680299,0.6234898018587334,-0.8660254037844386,0.5000000000000001,195,478.0,450.0,451.0,476.0,414.0,454.0,22.271057451320413,454.2857142857143,33.033893128695475,461.14285714285717,27.312598228253954
2024-10-14,495,14,10,2024,0,42,0,0.0,1.0,-0.8660254037844386,0.5000000000000001,196,425.0,434.0,503.0,473.0,325.0,445.6666666666667,28.36077102854131,450.57142857142856,34.87528801724355,457.5,28.551572770905388
2024-10-15,485,15,10,2024,1,42,0,0.7818314824680298,0.6234898018587336,-0.8660254037844386,0.5000000000000001,197,495.0,478.0,399.0,432.0,458.0,466.0,36.510272527057566,449.42857142857144,32.94873362693966,459.07142857142856,30.0370650151654
2024-10-16,457,16,10,2024,2,42,0,0.9749279121818236,-0.22252093395631434,-0.8660254037844386,0.5000000000000001,198,485.0,425.0,465.0,449.0,415.0,468.3333333333333,37.859388972002016,461.7142857142857,26.392639666608048,462.85714285714283,29.70070484234115
2024-10-17,462,17,10,2024,3,42,0,0.43388373911755823,-0.900968867902419,-0.8660254037844386,0.5000000000000001,199,457.0,495.0,450.0,485.0,439.0,479.0,19.697715603592595,460.57142857142856,26.399855699461014,463.42857142857144,29.489800807200286
2024-10-18,477,18,10,2024,4,42,0,-0.433883739117558,-0.9009688679024191,-0.8660254037844386,0.5000000000000001,200,462.0,485.0,434.0,489.0,448.0,468.0,14.933184523068588,462.2857142857143,25.985343854528455,461.7857142857143,28.82888127563042
2024-10-19,407,19,10,2024,5,42,1,-0.9749279121818236,-0.2225209339563146,-0.8660254037844386,0.5000000000000001,201,477.0,457.0,478.0,472.0,454.0,465.3333333333333,10.408329997331403,468.42857142857144,23.10740965474862,460.92857142857144,28.127359485887574
2024-10-20,432,20,10,2024,6,42,1,-0.7818314824680299,0.6234898018587334,-0.8660254037844386,0.5000000000000001,202,407.0,462.0,425.0,451.0,476.0,448.6666666666667,36.855573979160184,458.2857142857143,32.055754999241735,456.2857142857143,31.340385770117408
2024-10-21,488,21,10,2024,0,43,0,0.0,1.0,-0.8660254037844386,0.5000000000000001,203,432.0,477.0,495.0,503.0,473.0,438.6666666666667,35.47299442298817,459.2857142857143,30.933877253017364,454.92857142857144,31.991499557789428
2024-10-22,447,22,10,2024,1,43,0,0.7818314824680298,0.6234898018587336,-0.8660254037844386,0.5000000000000001,204,488.0,407.0,485.0,399.0,432.0,442.3333333333333,41.47690120215529,458.2857142857143,29.67442381195314,453.85714285714283,30.472830629815206
2024-10-23,412,23,10,2024,2,43,0,0.9749279121818236,-0.22252093395631434,-0.8660254037844386,0.5000000000000001,205,447.0,432.0,457.0,465.0,449.0,455.6666666666667,28.988503468329505,452.85714285714283,27.35829290135206,457.2857142857143,26.231010923445783
2024-10-24,416,24,10,2024,3,43,0,0.43388373911755823,-0.900968867902419,-0.8660254037844386,0.5000000000000001,206,412.0,488.0,462.0,450.0,485.0,449.0,38.0394532032207,446.42857142857144,31.23490111428279,453.5,28.736869911451556
2024-10-25,552,25,10,2024,4,43,0,-0.433883739117558,-0.9009688679024191,-0.8660254037844386,0.5000000000000001,207,416.0,447.0,477.0,434.0,489.0,425.0,19.157244060668486,439.85714285714283,32.235738818008045,451.07142857142856,30.44153105851955
2024-10-26,470,26,10,2024,5,43,1,-0.9749279121818236,-0.2225209339563146,-0.8660254037844386,0.5000000000000001,208,552.0,412.0,407.0,478.0,472.0,460.0,79.69943538068522,450.57142857142856,52.64300251966724,459.5,40.141576374703476
2024-10-27,512,27,10,2024,6,43,1,-0.7818314824680299,0.6234898018587334,-0.8660254037844386,0.5000000000000001,209,470.0,416.0,432.0,425.0,451.0,479.3333333333333,68.47870715290522,459.57142857142856,49.226879997473894,458.92857142857144,39.91426250913763
2024-10-28,419,28,10,2024,0,44,0,0.0,1.0,-0.8660254037844386,0.5000000000000001,210,512.0,552.0,488.0,495.0,503.0,511.3333333333333,41.00406483915164,471.0,51.01307022061424,465.14285714285717,40.983781300294005
2024-10-29,476,29,10,2024,1,44,0,0.7818314824680298,0.6234898018587336,-0.8660254037844386,0.5000000000000001,211,419.0,470.0,447.0,485.0,399.0,467.0,46.57252408878027,461.14285714285717,53.77244824699887,459.7142857142857,41.75096234990106
2024-10-30,409,30,10,2024,2,44,0,0.9749279121818236,-0.22252093395631434,-0.8660254037844386,0.5000000000000001,212,476.0,512.0,412.0,457.0,465.0,469.0,46.89349635077361,465.2857142857143,53.618138366645525,459.07142857142856,41.399487707187646
2024-10-31,453,31,10,2024,3,44,0,0.43388373911755823,-0.900968867902419,-0.8660254037844386,0.5000000000000001,213,409.0,419.0,416.0,462.0,450.0,434.6666666666667,36.14323357605614,464.85714285714283,54.12463570756087,455.64285714285717,43.5176483083095
2024-11-01,485,1,11,2024,4,44,0,-0.433883739117558,-0.9009688679024191,-0.5000000000000004,0.8660254037844384,214,453.0,476.0,552.0,477.0,434.0,446.0,34.044089061098674,470.14285714285717,50.224258983843406,455.0,43.4829763329194
2024-11-02,435,2,11,2024,5,44,1,-0.9749279121818236,-0.2225209339563146,-0.5000000000000004,0.8660254037844384,215,485.0,409.0,470.0,407.0,478.0,449.0,38.157568056678066,460.57142857142856,36.54612219673967,455.57142857142856,43.84538268070631
2024-11-03,477,3,11,2024,6,44,1,-0.7818314824680299,0.6234898018587334,-0.5000000000000004,0.8660254037844384,216,435.0,453.0,512.0,432.0,425.0,457.6666666666667,25.324559884297145,455.57142857142856,37.42484532525186,457.57142857142856,42.061702452311785
2024-11-04,448,4,11,2024,0,45,0,0.0,1.0,-0.5000000000000004,0.8660254037844384,217,477.0,485.0,419.0,488.0,495.0,465.6666666666667,26.857649437978594,450.57142857142856,30.286725050518264,460.7857142857143,41.67489296083076
2024-11-05,414,5,11,2024,1,45,0,0.7818314824680298,0.6234898018587336,-0.5000000000000004,0.8660254037844384,218,448.0,435.0,476.0,447.0,485.0,453.3333333333333,21.501937897160623,454.7142857142857,27.059898285804273,457.92857142857144,41.031815583884274
2024-11-06,491,6,11,2024,2,45,0,0.9749279121818236,-0.22252093395631434,-0.5000000000000004,0.8660254037844384,219,414.0,477.0,409.0,412.0,457.0,446.3333333333333,31.53305144341968,445.85714285714283,29.008209018761647,455.57142857142856,42.624865054086904
2024-11-07,398,7,11,2024,3,45,0,0.43388373911755823,-0.900968867902419,-0.5000000000000004,0.8660254037844384,220,491.0,448.0,453.0,416.0,462.0,451.0,38.58756276314971,457.57142857142856,28.188988055959495,461.2142857142857,41.63057044533973
2024-11-08,457,8,11,2024,4,45,0,-0.433883739117558,-0.9009688679024191,-0.5000000000000004,0.8660254037844384,221,398.0,414.0,485.0,552.0,477.0,434.3333333333333,49.72256362390571,449.7142857142857,36.201815266246044,459.92857142857144,43.375754102448084
2024-11-09,467,9,11,2024,5,45,1,-0.9749279121818236,-0.2225209339563146,-0.5000000000000004,0.8660254037844384,222,457.0,491.0,435.0,470.0,407.0,448.6666666666667,47.05670338361317,445.7142857142857,33.06415121000492,453.14285714285717,34.35752552847133
2024-11-10,412,10,11,2024,6,45,1,-0.7818314824680299,0.6234898018587334,-0.5000000000000004,0.8660254037844384,223,467.0,398.0,477.0,512.0,432.0,440.6666666666667,37.287173844813594,450.2857142857143,33.54456878897196,452.92857142857144,34.25349905925227
2024-11-11,436,11,11,2024,0,46,0,0.0,1.0,-0.5000000000000004,0.8660254037844384,224,412.0,457.0,448.0,419.0,488.0,445.3333333333333,29.29732638541186,441.0,33.91164991562596,445.7857142857143,31.285726830244844
2024-11-12,439,12,11,2024,1,46,0,0.7818314824680298,0.6234898018587336,-0.5000000000000004,0.8660254037844384,225,436.0,467.0,414.0,476.0,447.0,438.3333333333333,27.57414247684504,439.2857142857143,33.80194415372291,447.0,30.485810066071956
2024-11-13,466,13,11,2024,2,46,0,0.9749279121818236,-0.22252093395631434,-0.5000000000000004,0.8660254037844384,226,439.0,412.0,491.0,409.0,412.0,429.0,14.798648586949287,442.85714285714283,31.955325958951374,444.35714285714283,29.361427189314313
2024-11-14,425,14,11,2024,3,46,0,0.43388373911755823,-0.900968867902419,-0.5000000000000004,0.8660254037844384,227,466.0,436.0,398.0,453.0,416.0,447.0,16.522711641858795,439.2857142857143,26.63152446327602,448.42857142857144,28.00196225463296
2024-11-15,468,15,11,2024,4,46,0,-0.433883739117558,-0.9009688679024191,-0.5000000000000004,0.8660254037844384,228,425.0,439.0,457.0,485.0,552.0,443.3333333333333,20.840665376454496,443.14285714285717,21.019265539249893,446.42857142857144,28.642932503805913
2024-11-16,441,16,11,2024,5,46,1,-0.9749279121818236,-0.2225209339563146,-0.5000000000000004,0.8660254037844384,229,468.0,466.0,467.0,435.0,470.0,453.0,24.26932219902352,444.7142857142857,22.58107087595131,445.2142857142857,27.20627351699085
2024-11-17,422,17,11,2024,6,46,1,-0.7818314824680299,0.6234898018587334,-0.5000000000000004,0.8660254037844384,230,441.0,425.0,412.0,477.0,512.0,444.6666666666667,21.73323108360442,441.0,20.330600909301904,445.64285714285717,27.07995893320695
2024-11-18,426,18,11,2024,0,47,0,0.0,1.0,-0.5000000000000004,0.8660254037844384,231,422.0,468.0,436.0,448.0,419.0,443.6666666666667,23.115651263448093,442.42857142857144,18.192096661802214,441.7142857142857,26.154654156878724
2024-11-19,415,19,11,2024,1,47,0,0.7818314824680298,0.6234898018587336,-0.5000000000000004,0.8660254037844384,232,426.0,441.0,439.0,414.0,476.0,429.6666666666667,10.016652800878635,441.0,19.148542155126087,440.14285714285717,26.407624606591124
2024-11-20,414,20,11,2024,2,47,0,0.9749279121818236,-0.22252093395631434,-0.5000000000000004,0.8660254037844384,233,415.0,422.0,466.0,491.0,409.0,421.0,5.567764362831516,437.57142857142856,21.562754484349966,440.2142857142857,26.33271896162809
2024-11-21,441,21,11,2024,3,47,0,0.43388373911755823,-0.900968867902419,-0.5000000000000004,0.8660254037844384,234,414.0,426.0,425.0,398.0,453.0,418.3333333333333,6.658328118480638,430.14285714285717,18.933467471019746,434.7142857142857,22.700147649226935
2024-11-22,506,22,11,2024,4,47,0,-0.433883739117558,-0.9009688679024191,-0.5000000000000004,0.8660254037844384,235,441.0,415.0,468.0,457.0,485.0,423.3333333333333,15.307950004273925,432.42857142857144,19.173394264423305,437.7857142857143,20.111912166400554
2024-11-23,457,23,11,2024,5,47,1,-0.9749279121818236,-0.2225209339563146,-0.5000000000000004,0.8660254037844384,236,506.0,414.0,441.0,467.0,435.0,453.6666666666667,47.28988616325218,437.85714285714283,32.00743961138042,441.2857142857143,26.848373597578764
2024-11-24,420,24,11,2024,6,47,1,-0.7818314824680299,0.6234898018587334,-0.5000000000000004,0.8660254037844384,237,457.0,441.0,422.0,412.0,477.0,468.0,33.867388443752425,440.14285714285717,32.830009500600184,440.57142857142856,26.237712979937523
2024-11-25,433,25,11,2024,0,48,0,0.0,1.0,-0.5000000000000004,0.8660254037844384,238,420.0,506.0,426.0,436.0,448.0,461.0,43.13930922024616,439.85714285714283,33.0223589477821,441.14285714285717,25.64808327778463
2024-11-26,455,26,11,2024,1,48,0,0.7818314824680298,0.6234898018587336,-0.5000000000000004,0.8660254037844384,239,433.0,457.0,415.0,439.0,414.0,436.6666666666667,18.770544300401863,440.85714285714283,32.636526425813635,440.92857142857144,25.706821260915536
2024-11-27,446,27,11,2024,2,48,0,0.9749279121818236,-0.22252093395631434,-0.5000000000000004,0.8660254037844384,240,455.0,420.0,414.0,466.0,491.0,436.0,17.69180601295458,446.57142857142856,30.805070701953543,442.07142857142856,25.968810540321645
2024-11-28,483,28,11,2024,3,48,0,0.43388373911755823,-0.900968867902419,-0.5000000000000004,0.8660254037844384,241,446.0,433.0,441.0,425.0,398.0,444.6666666666667,11.060440015358752,451.14285714285717,27.346106191000946,440.64285714285717,25.086334443759927
2024-11-29,458,29,11,2024,4,48,0,-0.433883739117558,-0.9009688679024191,-0.5000000000000004,0.8660254037844384,242,483.0,455.0,506.0,468.0,457.0,461.3333333333333,19.29594085120882,457.14285714285717,29.288385476319814,444.7857142857143,27.01902056935951
2024-11-30,430,30,11,2024,5,48,1,-0.9749279121818236,-0.2225209339563146,-0.5000000000000004,0.8660254037844384,243,458.0,446.0,457.0,441.0,467.0,462.3333333333333,18.876793513024115,450.2857142857143,20.13052645208444,444.07142857142856,26.485015460747682
2024-12-01,473,1,12,2024,6,48,1,-0.7818314824680299,0.6234898018587334,-2.4492935982947064e-16,1.0,244,430.0,483.0,420.0,422.0,412.0,457.0,26.51414716712601,446.42857142857144,21.188496429722328,443.2857142857143,26.745031375878085
2024-12-02,467,2,12,2024,0,49,0,0.0,1.0,-2.4492935982947064e-16,1.0,245,473.0,458.0,433.0,426.0,436.0,453.6666666666667,21.825062046494832,454.0,19.57890020745065,446.92857142857144,27.093752574559108
2024-12-03,448,3,12,2024,1,49,0,0.7818314824680298,0.6234898018587336,-2.4492935982947064e-16,1.0,246,467.0,430.0,455.0,415.0,439.0,456.6666666666667,23.288051299611762,458.85714285714283,17.620334573332325,449.85714285714283,26.872511384905348
2024-12-04,445,4,12,2024,2,49,0,0.9749279121818236,-0.22252093395631434,-2.4492935982947064e-16,1.0,247,448.0,473.0,446.0,414.0,466.0,462.6666666666667,13.051181300301858,457.85714285714283,18.06865214885078,452.2142857142857,24.958977331824894
2024-12-05,483,5,12,2024,3,49,0,0.43388373911755823,-0.900968867902419,-2.4492935982947064e-16,1.0,248,445.0,467.0,483.0,441.0,425.0,453.3333333333333,11.930353445449507,457.7142857142857,18.1816233755792,454.42857142857144,22.568576812476646
2024-12-06,446,6,12,2024,4,49,0,-0.433883739117558,-0.9009688679024191,-2.4492935982947064e-16,1.0,249,483.0,448.0,458.0,506.0,468.0,458.6666666666667,21.126602503321454,457.7142857142857,18.1816233755792,457.42857142857144,23.42160175076478
2024-12-07,482,7,12,2024,5,49,1,-0.9749279121818236,-0.2225209339563146,-2.4492935982947064e-16,1.0,250,446.0,445.0,430.0,457.0,441.0,458.0,21.65640782770806,456.0,18.70828693386913,453.14285714285717,18.904037594192328
2024-12-08,448,8,12,2024,6,49,1,-0.7818314824680299,0.6234898018587334,-2.4492935982947064e-16,1.0,251,482.0,483.0,473.0,420.0,422.0,470.3333333333333,21.079215671683528,463.42857142857144,16.900267678916503,454.92857142857144,20.416676011061615
2024-12-09,382,9,12,2024,0,50,0,0.0,1.0,-2.4492935982947064e-16,1.0,252,448.0,446.0,467.0,433.0,426.0,458.6666666666667,20.23198787399173,459.85714285714283,17.17972226617292,456.92857142857144,17.954919127612918
2024-12-10,461,10,12,2024,1,50,0,0.7818314824680298,0.6234898018587336,-2.4492935982947064e-16,1.0,253,382.0,482.0,448.0,455.0,415.0,437.3333333333333,50.84617324178239,447.7142857142857,33.53959990674811,453.2857142857143,26.380145714383143
2024-12-11,426,11,12,2024,2,50,0,0.9749279121818236,-0.22252093395631434,-2.4492935982947064e-16,1.0,254,461.0,448.0,445.0,446.0,414.0,430.3333333333333,42.359571921035126,449.57142857142856,33.91586228132333,453.7142857142857,26.45875911802996
2024-12-12,470,12,12,2024,3,50,0,0.43388373911755823,-0.900968867902419,-2.4492935982947064e-16,1.0,255,426.0,382.0,483.0,483.0,441.0,423.0,39.585350825779145,446.85714285714283,35.082895031760124,452.2857142857143,27.429429931619538
2024-12-13,472,13,12,2024,4,50,0,-0.433883739117558,-0.9009688679024191,-2.4492935982947064e-16,1.0,256,470.0,461.0,446.0,458.0,506.0,452.3333333333333,23.245071162148488,445.0,33.1411124335516,451.35714285714283,26.514458009102935
2024-12-14,416,14,12,2024,5,50,1,-0.9749279121818236,-0.2225209339563146,-2.4492935982947064e-16,1.0,257,472.0,426.0,482.0,430.0,457.0,456.0,26.000000000000263,448.7142857142857,34.69252698451649,452.35714285714283,27.043006042675344
2024-12-15,427,15,12,2024,6,50,1,-0.7818314824680299,0.6234898018587334,-2.4492935982947064e-16,1.0,258,416.0,470.0,448.0,473.0,420.0,452.6666666666667,31.770006819850504,439.2857142857143,33.06919153186846,451.35714285714283,28.1687419310487
2024-12-16,457,16,12,2024,0,51,0,0.0,1.0,-2.4492935982947064e-16,1.0,259,427.0,472.0,382.0,467.0,433.0,438.3333333333333,29.670411748631796,436.2857142857143,33.09941734489294,448.07142857142856,28.132828580788722
2024-12-17,493,17,12,2024,1,51,0,0.7818314824680298,0.6234898018587336,-2.4492935982947064e-16,1.0,260,457.0,416.0,461.0,448.0,455.0,433.3333333333333,21.22105872319634,447.0,23.280893453645103,447.35714285714283,27.739466865425165
2024-12-18,456,18,12,2024,2,51,0,0.9749279121818236,-0.22252093395631434,-2.4492935982947064e-16,1.0,261,493.0,427.0,426.0,445.0,446.0,459.0,33.04542328371683,451.57142857142856,28.94164901347235,450.57142857142856,30.307943324670312
2024-12-19,456,19,12,2024,3,51,0,0.43388373911755823,-0.900968867902419,-2.4492935982947064e-16,1.0,262,456.0,457.0,470.0,483.0,483.0,468.6666666666667,21.079215671683517,455.85714285714283,26.654759246261623,451.35714285714283,30.294978367473934
2024-12-20,470,20,12,2024,4,51,0,-0.433883739117558,-0.9009688679024191,-2.4492935982947064e-16,1.0,263,456.0,493.0,472.0,446.0,458.0,468.3333333333333,21.36195996001649,453.85714285714283,25.932145890307048,449.42857142857144,28.95544132658975
2024-12-21,492,21,12,2024,5,51,1,-0.9749279121818236,-0.2225209339563146,-2.4492935982947064e-16,1.0,264,470.0,456.0,416.0,482.0,430.0,460.6666666666667,8.082903768655617,453.57142857142856,25.708994164540144,451.14285714285717,29.443184252065848
2024-12-22,420,22,12,2024,6,51,1,-0.7818314824680299,0.6234898018587334,-2.4492935982947064e-16,1.0,265,492.0,456.0,427.0,448.0,473.0,472.6666666666667,18.147543451755304,464.42857142857144,23.114621223063484,451.85714285714283,30.356489973586918
2024-12-23,481,23,12,2024,0,52,0,0.0,1.0,-2.4492935982947064e-16,1.0,266,420.0,470.0,457.0,382.0,467.0,460.6666666666667,36.896250938724755,463.42857142857144,25.07227647460497,449.85714285714283,31.52985677309472
2024-12-24,482,24,12,2024,1,52,0,0.7818314824680298,0.6234898018587336,-2.4492935982947064e-16,1.0,267,481.0,492.0,493.0,461.0,448.0,464.3333333333333,38.78573620976334,466.85714285714283,25.68026850475232,456.92857142857144,25.703828765123966
2024-12-25,476,25,12,2024,2,52,0,0.9749279121818236,-0.22252093395631434,-2.4492935982947064e-16,1.0,268,482.0,420.0,456.0,426.0,445.0,461.0,35.5105618091296,465.2857142857143,24.10196593443665,458.42857142857144,26.55825030646147
2024-12-26,448,26,12,2024,3,52,0,0.43388373911755823,-0.900968867902419,-2.4492935982947064e-16,1.0,269,476.0,481.0,456.0,470.0,483.0,479.6666666666667,3.2145502536664483,468.14285714285717,24.00297600596311,462.0,25.188519973621734
2024-12-27,458,27,12,2024,4,52,0,-0.433883739117558,-0.9009688679024191,-2.4492935982947064e-16,1.0,270,448.0,482.0,470.0,472.0,446.0,468.6666666666667,18.14754345175532,467.0,24.852900568477924,460.42857142857144,25.33685150045376
2024-12-28,449,28,12,2024,5,52,1,-0.9749279121818236,-0.2225209339563146,-2.4492935982947064e-16,1.0,271,458.0,476.0,492.0,416.0,482.0,460.6666666666667,14.189197769195674,465.2857142857143,25.024749653854254,459.42857142857144,25.12036956402052
2024-12-29,475,29,12,2024,6,52,1,-0.7818314824680299,0.6234898018587334,-2.4492935982947064e-16,1.0,272,449.0,448.0,420.0,427.0,448.0,451.6666666666667,5.507570547287414,459.14285714285717,22.527232197413266,461.7857142857143,22.098306831863106
2024-12-30,494,30,12,2024,0,1,0,0.0,1.0,-2.4492935982947064e-16,1.0,273,475.0,458.0,481.0,457.0,382.0,460.6666666666667,13.20353488022611,467.0,14.8996644257508,465.2142857142857,19.900439003385742
2024-12-31,456,31,12,2024,1,1,0,0.7818314824680298,0.6234898018587336,-2.4492935982947064e-16,1.0,274,494.0,449.0,482.0,493.0,461.0,472.6666666666667,22.590558499810207,468.85714285714283,17.51597909936832,467.85714285714283,21.14367387789903
2025-01-01,432,1,1,2025,2,1,0,0.9749279121818236,-0.22252093395631434,0.49999999999999994,0.8660254037844387,275,456.0,475.0,476.0,456.0,426.0,475.0,19.000000000000355,465.14285714285717,17.01399983766822,465.2142857142857,20.042948391386542
2025-01-02,477,2,1,2025,3,1,0,0.43388373911755823,-0.900968867902419,0.49999999999999994,0.8660254037844387,276,432.0,494.0,448.0,456.0,470.0,460.6666666666667,31.262330900515835,458.85714285714283,20.16951967225564,463.5,21.837687958770246
2025-01-03,411,3,1,2025,4,1,0,-0.433883739117558,-0.9009688679024191,0.49999999999999994,0.8660254037844387,277,477.0,456.0,458.0,470.0,472.0,455.0,22.516660498395726,463.0,20.542638584173744,465.0,22.003496225687638
2025-01-04,448,4,1,2025,5,1,1,-0.9749279121818236,-0.2225209339563146,0.49999999999999994,0.8660254037844387,278,411.0,432.0,449.0,492.0,416.0,440.0,33.719430600174945,456.2857142857143,28.564046665427934,460.7857142857143,26.21854473291931
2025-01-05,449,5,1,2025,6,1,1,-0.7818314824680299,0.6234898018587334,0.49999999999999994,0.8660254037844387,279,448.0,477.0,475.0,420.0,427.0,445.3333333333333,33.08070938376848,456.14285714285717,28.609022885729132,457.64285714285717,24.78711558251788
2025-01-06,435,6,1,2025,0,2,0,0.0,1.0,0.49999999999999994,0.8660254037844387,280,449.0,411.0,494.0,481.0,457.0,436.0,21.656407827708044,452.42857142857144,27.415671569725042,459.7142857142857,22.50616521150316
2025-01-07,450,7,1,2025,1,2,0,0.7818314824680298,0.6234898018587336,0.49999999999999994,0.8660254037844387,281,435.0,448.0,456.0,482.0,493.0,444.0,7.810249675907564,444.0,20.76856599125984,456.42857142857144,22.517392545163137
2025-01-08,419,8,1,2025,2,2,0,0.9749279121818236,-0.22252093395631434,0.49999999999999994,0.8660254037844387,282,450.0,449.0,432.0,476.0,456.0,444.6666666666667,8.386497083606926,443.14285714285717,20.309509853174003,454.14285714285717,21.313979316066604
2025-01-09,460,9,1,2025,3,2,0,0.43388373911755823,-0.900968867902419,0.49999999999999994,0.8660254037844387,283,419.0,435.0,477.0,448.0,456.0,434.6666666666667,15.502687938978445,441.2857142857143,22.020553169817124,450.07142857142856,22.241555997429955
2025-01-10,435,10,1,2025,4,2,0,-0.433883739117558,-0.9009688679024191,0.49999999999999994,0.8660254037844387,284,460.0,450.0,411.0,458.0,470.0,443.0,21.377558326432286,438.85714285714283,17.994708216848213,450.92857142857144,22.386342971739513
2025-01-11,423,11,1,2025,5,2,1,-0.9749279121818236,-0.2225209339563146,0.49999999999999994,0.8660254037844387,285,435.0,419.0,448.0,449.0,492.0,438.0,20.663978319772173,442.2857142857143,13.536546651124748,449.2857142857143,22.669629196616494
2025-01-12,460,12,1,2025,6,2,1,-0.7818314824680299,0.6234898018587334,0.49999999999999994,0.8660254037844387,286,423.0,460.0,449.0,475.0,420.0,439.3333333333333,18.87679351302407,438.7142857142857,14.996825060816786,447.42857142857144,23.734798489573443
2025-01-13,467,13,1,2025,0,3,0,0.0,1.0,0.49999999999999994,0.8660254037844387,287,460.0,435.0,435.0,494.0,481.0,439.3333333333333,18.87679351302407,440.2857142857143,16.7303545062483,446.35714285714283,22.71091619212471
2025-01-14,463,14,1,2025,1,3,0,0.7818314824680298,0.6234898018587336,0.49999999999999994,0.8660254037844387,288,467.0,423.0,450.0,456.0,482.0,450.0,23.64318083507408,444.85714285714283,19.230432231478993,444.42857142857144,19.234241444778668
2025-01-15,457,15,1,2025,2,3,0,0.9749279121818236,-0.22252093395631434,0.49999999999999994,0.8660254037844387,289,463.0,460.0,419.0,432.0,476.0,463.3333333333333,3.511884584286285,446.7142857142857,20.40191400918253,444.92857142857144,19.644785120168148
2025-01-16,463,16,1,2025,3,3,0,0.43388373911755823,-0.900968867902419,0.49999999999999994,0.8660254037844387,290,457.0,467.0,460.0,477.0,448.0,462.3333333333333,5.0332229568485864,452.14285714285717,16.476534540860694,446.7142857142857,19.514998458497576
2025-01-17,426,17,1,2025,4,3,0,-0.433883739117558,-0.9009688679024191,0.49999999999999994,0.8660254037844387,291,463.0,463.0,435.0,411.0,458.0,461.0,3.464101615139808,452.57142857142856,16.75168790358252,445.7142857142857,18.15501020667279
2025-01-18,529,18,1,2025,5,3,1,-0.9749279121818236,-0.2225209339563146,0.49999999999999994,0.8660254037844387,292,426.0,457.0,423.0,448.0,449.0,448.6666666666667,19.85782801147567,451.2857142857143,18.571611720708212,446.7857142857143,16.29619385212179
2025-01-19,463,19,1,2025,6,3,1,-0.7818314824680299,0.6234898018587334,0.49999999999999994,0.8660254037844387,293,529.0,463.0,460.0,449.0,475.0,472.6666666666667,52.1759842584052,466.42857142857144,30.832110657868355,452.57142857142856,27.374087370004844
2025-01-20,460,20,1,2025,0,4,0,0.0,1.0,0.49999999999999994,0.8660254037844387,294,463.0,426.0,467.0,435.0,494.0,472.6666666666667,52.1759842584052,466.85714285714283,30.74859656108198,453.57142857142856,27.489058762503152
2025-01-21,463,21,1,2025,1,4,0,0.7818314824680298,0.6234898018587336,0.49999999999999994,0.8660254037844387,295,460.0,529.0,463.0,450.0,456.0,484.0,39.00000000000017,465.85714285714283,30.856812167540067,455.35714285714283,26.997456127617607
